country,iso3,disaster_type,alert_level,severity,population,historical_disaster_count,average_deaths,average_affected_population,aid_received_usd,aid_dependency_percent_gni,historical_risk_score,real_time_severity_score,financial_dependency_score,vulnerability_index,estimated_affected_population,estimated_deaths,estimated_required_aid_usd,estimated_impact_level,risk_category,critical_resource_gap,response_recommendation,start_date,end_date
Palau,PLW,EQ,Green,0.0,0.0,4.0,0.0,5684.5,0.0,0.0,0.63,1,0.0,20.25,10127.0,9.0,1305240.0,Moderate,Low,No,Continue routine monitoring,2026-04-10T13:15:36,2026-04-10T13:15:36
United States,USA,EQ,Green,0.0,0.0,261.0,43.2911877394636,420374.6781609195,0.0,0.0,41.99,1,0.0,36.8,902842.0,93.0,109271040.0,Severe,Low,No,Urgent humanitarian mobilization recommended,2026-04-10T12:50:12,2026-04-10T12:50:12
Kermadec Islands Region,UNK,EQ,Green,0.0,0.0,0.0,0.0,0.0,0.0,0.0,0.0,1,0.0,20.0,1776.0,9.0,303120.0,Low,Low,No,Continue routine monitoring,2026-04-10T12:08:43,2026-04-10T12:08:43
Kermadec Islands Region,UNK,EQ,Green,0.0,0.0,0.0,0.0,0.0,0.0,0.0,0.0,1,0.0,20.0,1776.0,9.0,303120.0,Low,Low,No,Continue routine monitoring,2026-04-10T12:08:43,2026-04-10T12:08:43
Kermadec Islands Region,UNK,EQ,Green,0.0,0.0,0.0,0.0,0.0,0.0,0.0,0.0,1,0.0,20.0,1776.0,9.0,303120.0,Low,Low,No,Continue routine monitoring,2026-04-10T12:08:43,2026-04-10T12:08:43
Kermadec Islands Region,UNK,EQ,Green,0.0,0.0,0.0,0.0,0.0,0.0,0.0,0.0,1,0.0,20.0,1776.0,9.0,303120.0,Low,Low,No,Continue routine monitoring,2026-04-10T12:08:43,2026-04-10T12:08:43
Kermadec Islands Region,UNK,EQ,Green,0.0,0.0,0.0,0.0,0.0,0.0,0.0,0.0,1,0.0,20.0,1776.0,9.0,303120.0,Low,Low,No,Continue routine monitoring,2026-04-10T12:08:43,2026-04-10T12:08:43
Kermadec Islands Region,UNK,EQ,Green,0.0,0.0,0.0,0.0,0.0,0.0,0.0,0.0,1,0.0,20.0,1776.0,9.0,303120.0,Low,Low,No,Continue routine monitoring,2026-04-10T12:08:43,2026-04-10T12:08:43
Kermadec Islands Region,UNK,EQ,Green,0.0,0.0,0.0,0.0,0.0,0.0,0.0,0.0,1,0.0,20.0,1776.0,9.0,303120.0,Low,Low,No,Continue routine monitoring,2026-04-10T12:08:43,2026-04-10T12:08:43
Kermadec Islands Region,UNK,EQ,Green,0.0,0.0,0.0,0.0,0.0,0.0,0.0,0.0,1,0.0,20.0,1776.0,9.0,303120.0,Low,Low,No,Continue routine monitoring,2026-04-10T12:08:43,2026-04-10T12:08:43
Kermadec Islands Region,UNK,EQ,Green,0.0,0.0,0.0,0.0,0.0,0.0,0.0,0.0,1,0.0,20.0,1776.0,9.0,303120.0,Low,Low,No,Continue routine monitoring,2026-04-10T12:08:43,2026-04-10T12:08:43
Kermadec Islands Region,UNK,EQ,Green,0.0,0.0,0.0,0.0,0.0,0.0,0.0,0.0,1,0.0,20.0,1776.0,9.0,303120.0,Low,Low,No,Continue routine monitoring,2026-04-10T12:08:43,2026-04-10T12:08:43
Kermadec Islands Region,UNK,EQ,Green,0.0,0.0,0.0,0.0,0.0,0.0,0.0,0.0,1,0.0,20.0,1776.0,9.0,303120.0,Low,Low,No,Continue routine monitoring,2026-04-10T12:08:43,2026-04-10T12:08:43
Kermadec Islands Region,UNK,EQ,Green,0.0,0.0,0.0,0.0,0.0,0.0,0.0,0.0,1,0.0,20.0,1776.0,9.0,303120.0,Low,Low,No,Continue routine monitoring,2026-04-10T12:08:43,2026-04-10T12:08:43
Kermadec Islands Region,UNK,EQ,Green,0.0,0.0,0.0,0.0,0.0,0.0,0.0,0.0,1,0.0,20.0,1776.0,9.0,303120.0,Low,Low,No,Continue routine monitoring,2026-04-10T12:08:43,2026-04-10T12:08:43
Kermadec Islands Region,UNK,EQ,Green,0.0,0.0,0.0,0.0,0.0,0.0,0.0,0.0,1,0.0,20.0,1776.0,9.0,303120.0,Low,Low,No,Continue routine monitoring,2026-04-10T12:08:43,2026-04-10T12:08:43
Kermadec Islands Region,UNK,EQ,Green,0.0,0.0,0.0,0.0,0.0,0.0,0.0,0.0,1,0.0,20.0,1776.0,9.0,303120.0,Low,Low,No,Continue routine monitoring,2026-04-10T12:08:43,2026-04-10T12:08:43
Kermadec Islands Region,UNK,EQ,Green,0.0,0.0,0.0,0.0,0.0,0.0,0.0,0.0,1,0.0,20.0,1776.0,9.0,303120.0,Low,Low,No,Continue routine monitoring,2026-04-10T12:08:43,2026-04-10T12:08:43
Kermadec Islands Region,UNK,EQ,Green,0.0,0.0,0.0,0.0,0.0,0.0,0.0,0.0,1,0.0,20.0,1776.0,9.0,303120.0,Low,Low,No,Continue routine monitoring,2026-04-10T12:08:43,2026-04-10T12:08:43
Kermadec Islands Region,UNK,EQ,Green,0.0,0.0,0.0,0.0,0.0,0.0,0.0,0.0,1,0.0,20.0,1776.0,9.0,303120.0,Low,Low,No,Continue routine monitoring,2026-04-10T12:08:43,2026-04-10T12:08:43
Kermadec Islands Region,UNK,EQ,Green,0.0,0.0,0.0,0.0,0.0,0.0,0.0,0.0,1,0.0,20.0,1776.0,9.0,303120.0,Low,Low,No,Continue routine monitoring,2026-04-10T12:08:43,2026-04-10T12:08:43
Kermadec Islands Region,UNK,EQ,Green,0.0,0.0,0.0,0.0,0.0,0.0,0.0,0.0,1,0.0,20.0,1776.0,9.0,303120.0,Low,Low,No,Continue routine monitoring,2026-04-10T12:08:43,2026-04-10T12:08:43
Kermadec Islands Region,UNK,EQ,Green,0.0,0.0,0.0,0.0,0.0,0.0,0.0,0.0,1,0.0,20.0,1776.0,9.0,303120.0,Low,Low,No,Continue routine monitoring,2026-04-10T12:08:43,2026-04-10T12:08:43
Kermadec Islands Region,UNK,EQ,Green,0.0,0.0,0.0,0.0,0.0,0.0,0.0,0.0,1,0.0,20.0,1776.0,9.0,303120.0,Low,Low,No,Continue routine monitoring,2026-04-10T12:08:43,2026-04-10T12:08:43
Kermadec Islands Region,UNK,EQ,Green,0.0,0.0,0.0,0.0,0.0,0.0,0.0,0.0,1,0.0,20.0,1776.0,9.0,303120.0,Low,Low,No,Continue routine monitoring,2026-04-10T12:08:43,2026-04-10T12:08:43
Kermadec Islands Region,UNK,EQ,Green,0.0,0.0,0.0,0.0,0.0,0.0,0.0,0.0,1,0.0,20.0,1776.0,9.0,303120.0,Low,Low,No,Continue routine monitoring,2026-04-10T12:08:43,2026-04-10T12:08:43
Kermadec Islands Region,UNK,EQ,Green,0.0,0.0,0.0,0.0,0.0,0.0,0.0,0.0,1,0.0,20.0,1776.0,9.0,303120.0,Low,Low,No,Continue routine monitoring,2026-04-10T12:08:43,2026-04-10T12:08:43
Guam,GUM,TC,Red,0.0,0.0,3.0,1.3333333333333333,38481.333333333336,0.0,0.0,0.62,3,0.0,60.25,153925.0,5.0,18521000.0,Moderate,Medium,No,Prepare response resources,2026-04-09T00:00:00,2026-04-10T12:00:00
"Solomon Islands, Papua New Guinea",PNG,TC,Green,0.0,0.0,45.0,29.622222222222224,84681.2,0.0,0.0,7.49,1,0.0,23.0,156003.0,55.0,19270360.0,Severe,Low,No,Urgent humanitarian mobilization recommended,2026-04-04T00:00:00,2026-04-10T12:00:00
Indonesia,IDN,EQ,Green,0.0,0.0,157.0,1208.9745222929937,299439.949044586,0.0,0.0,36.17,1,0.0,34.47,627675.0,2534.0,100661000.0,Severe,Low,No,Urgent humanitarian mobilization recommended,2026-04-10T11:08:53,2026-04-10T11:08:53
"Angola, Democratic Republic of Congo, Republic of Congo, Gabon, Zambia",AGO,DR,Orange,0.0,0.0,33.0,29.181818181818183,275219.9696969697,0.0,0.0,6.37,2,0.0,42.55,782647.0,83.0,94747640.0,Severe,Medium,No,Urgent humanitarian mobilization recommended,2025-06-21T00:00:00,2026-04-10T10:17:46
"Afghanistan, Islamic Republic of Iran, Tajikistan, Turkmenistan",AFG,DR,Green,0.0,0.0,89.0,171.24719101123594,416076.1460674157,0.0,0.0,16.78,1,0.0,26.71,800734.0,330.0,99388080.0,Severe,Low,No,Urgent humanitarian mobilization recommended,2024-10-21T00:00:00,2026-04-10T10:17:44
"Kenya, Somalia",KEN,DR,Orange,0.0,0.0,48.0,56.375,771004.5416666666,0.0,0.0,10.81,2,0.0,44.32,2230355.0,163.0,269272600.0,Severe,Medium,No,Urgent humanitarian mobilization recommended,2025-05-21T00:00:00,2026-04-10T10:17:43
"Libya, Tunisia",LBY,DR,Green,0.0,0.0,4.0,3306.25,406341.25,0.0,0.0,32.16,1,0.0,32.86,837331.0,6813.0,168609720.0,Severe,Low,No,Urgent humanitarian mobilization recommended,2026-01-21T00:00:00,2026-04-10T10:17:41
"Austria, Belarus, Czech Republic, Germany, Denmark, Estonia, Lithuania, Latvia, Poland, Russia, Sweden, Slovakia, Ukraine",AUT,DR,Green,0.0,0.0,30.0,79.7,2165.3,0.0,0.0,5.33,1,0.0,22.13,3948.0,145.0,1923760.0,Severe,Low,No,Urgent humanitarian mobilization recommended,2025-12-21T00:00:00,2026-04-10T10:17:39
"Mexico, United States",MEX,DR,Green,0.0,0.0,92.0,28.532608695652176,168405.39130434784,0.0,0.0,15.0,1,0.0,26.0,321442.0,54.0,39113040.0,Severe,Low,No,Urgent humanitarian mobilization recommended,2025-08-21T00:00:00,2026-04-10T10:17:37
China,CHN,DR,Green,0.0,0.0,225.0,513.8311111111111,7871884.715555555,0.0,0.0,69.15,1,0.0,47.66,18798470.0,1227.0,2268086400.0,Severe,Medium,No,Urgent humanitarian mobilization recommended,2025-10-21T00:00:00,2026-04-10T10:17:33
Venezuela,VEN,DR,Green,0.0,0.0,30.0,15.5,64962.166666666664,0.0,0.0,4.99,1,0.0,21.99,118237.0,28.0,14468440.0,High,Low,No,High priority monitoring and response,2025-09-21T00:00:00,2026-04-10T10:17:32
"Argentina, Uruguay",ARG,DR,Orange,0.0,0.0,71.0,7.52112676056338,39389.77464788732,0.0,0.0,11.1,2,0.0,44.44,114074.0,22.0,13908880.0,High,Medium,No,High priority monitoring and response,2025-11-21T00:00:00,2026-04-10T10:17:30
"Bolivia, Brazil, Peru, Paraguay",BOL,DR,Orange,0.0,0.0,56.0,21.946428571428573,188302.2142857143,0.0,0.0,9.5,2,0.0,43.8,541995.0,63.0,65669400.0,Severe,Medium,No,Urgent humanitarian mobilization recommended,2022-09-21T00:00:00,2026-04-10T10:17:28
"Kermadec Islands, New Zealand",UNK,EQ,Green,0.0,0.0,0.0,0.0,0.0,0.0,0.0,0.0,1,0.0,20.0,1776.0,9.0,303120.0,Low,Low,No,Continue routine monitoring,2026-04-10T08:17:13,2026-04-10T08:17:13
"Kermadec Islands, New Zealand",UNK,EQ,Green,0.0,0.0,0.0,0.0,0.0,0.0,0.0,0.0,1,0.0,20.0,1776.0,9.0,303120.0,Low,Low,No,Continue routine monitoring,2026-04-10T08:17:13,2026-04-10T08:17:13
"Kermadec Islands, New Zealand",UNK,EQ,Green,0.0,0.0,0.0,0.0,0.0,0.0,0.0,0.0,1,0.0,20.0,1776.0,9.0,303120.0,Low,Low,No,Continue routine monitoring,2026-04-10T08:17:13,2026-04-10T08:17:13
"Kermadec Islands, New Zealand",UNK,EQ,Green,0.0,0.0,0.0,0.0,0.0,0.0,0.0,0.0,1,0.0,20.0,1776.0,9.0,303120.0,Low,Low,No,Continue routine monitoring,2026-04-10T08:17:13,2026-04-10T08:17:13
"Kermadec Islands, New Zealand",UNK,EQ,Green,0.0,0.0,0.0,0.0,0.0,0.0,0.0,0.0,1,0.0,20.0,1776.0,9.0,303120.0,Low,Low,No,Continue routine monitoring,2026-04-10T08:17:13,2026-04-10T08:17:13
"Kermadec Islands, New Zealand",UNK,EQ,Green,0.0,0.0,0.0,0.0,0.0,0.0,0.0,0.0,1,0.0,20.0,1776.0,9.0,303120.0,Low,Low,No,Continue routine monitoring,2026-04-10T08:17:13,2026-04-10T08:17:13
"Kermadec Islands, New Zealand",UNK,EQ,Green,0.0,0.0,0.0,0.0,0.0,0.0,0.0,0.0,1,0.0,20.0,1776.0,9.0,303120.0,Low,Low,No,Continue routine monitoring,2026-04-10T08:17:13,2026-04-10T08:17:13
"Kermadec Islands, New Zealand",UNK,EQ,Green,0.0,0.0,0.0,0.0,0.0,0.0,0.0,0.0,1,0.0,20.0,1776.0,9.0,303120.0,Low,Low,No,Continue routine monitoring,2026-04-10T08:17:13,2026-04-10T08:17:13
"Kermadec Islands, New Zealand",UNK,EQ,Green,0.0,0.0,0.0,0.0,0.0,0.0,0.0,0.0,1,0.0,20.0,1776.0,9.0,303120.0,Low,Low,No,Continue routine monitoring,2026-04-10T08:17:13,2026-04-10T08:17:13
"Kermadec Islands, New Zealand",UNK,EQ,Green,0.0,0.0,0.0,0.0,0.0,0.0,0.0,0.0,1,0.0,20.0,1776.0,9.0,303120.0,Low,Low,No,Continue routine monitoring,2026-04-10T08:17:13,2026-04-10T08:17:13
"Kermadec Islands, New Zealand",UNK,EQ,Green,0.0,0.0,0.0,0.0,0.0,0.0,0.0,0.0,1,0.0,20.0,1776.0,9.0,303120.0,Low,Low,No,Continue routine monitoring,2026-04-10T08:17:13,2026-04-10T08:17:13
"Kermadec Islands, New Zealand",UNK,EQ,Green,0.0,0.0,0.0,0.0,0.0,0.0,0.0,0.0,1,0.0,20.0,1776.0,9.0,303120.0,Low,Low,No,Continue routine monitoring,2026-04-10T08:17:13,2026-04-10T08:17:13
"Kermadec Islands, New Zealand",UNK,EQ,Green,0.0,0.0,0.0,0.0,0.0,0.0,0.0,0.0,1,0.0,20.0,1776.0,9.0,303120.0,Low,Low,No,Continue routine monitoring,2026-04-10T08:17:13,2026-04-10T08:17:13
"Kermadec Islands, New Zealand",UNK,EQ,Green,0.0,0.0,0.0,0.0,0.0,0.0,0.0,0.0,1,0.0,20.0,1776.0,9.0,303120.0,Low,Low,No,Continue routine monitoring,2026-04-10T08:17:13,2026-04-10T08:17:13
"Kermadec Islands, New Zealand",UNK,EQ,Green,0.0,0.0,0.0,0.0,0.0,0.0,0.0,0.0,1,0.0,20.0,1776.0,9.0,303120.0,Low,Low,No,Continue routine monitoring,2026-04-10T08:17:13,2026-04-10T08:17:13
"Kermadec Islands, New Zealand",UNK,EQ,Green,0.0,0.0,0.0,0.0,0.0,0.0,0.0,0.0,1,0.0,20.0,1776.0,9.0,303120.0,Low,Low,No,Continue routine monitoring,2026-04-10T08:17:13,2026-04-10T08:17:13
"Kermadec Islands, New Zealand",UNK,EQ,Green,0.0,0.0,0.0,0.0,0.0,0.0,0.0,0.0,1,0.0,20.0,1776.0,9.0,303120.0,Low,Low,No,Continue routine monitoring,2026-04-10T08:17:13,2026-04-10T08:17:13
"Kermadec Islands, New Zealand",UNK,EQ,Green,0.0,0.0,0.0,0.0,0.0,0.0,0.0,0.0,1,0.0,20.0,1776.0,9.0,303120.0,Low,Low,No,Continue routine monitoring,2026-04-10T08:17:13,2026-04-10T08:17:13
"Kermadec Islands, New Zealand",UNK,EQ,Green,0.0,0.0,0.0,0.0,0.0,0.0,0.0,0.0,1,0.0,20.0,1776.0,9.0,303120.0,Low,Low,No,Continue routine monitoring,2026-04-10T08:17:13,2026-04-10T08:17:13
"Kermadec Islands, New Zealand",UNK,EQ,Green,0.0,0.0,0.0,0.0,0.0,0.0,0.0,0.0,1,0.0,20.0,1776.0,9.0,303120.0,Low,Low,No,Continue routine monitoring,2026-04-10T08:17:13,2026-04-10T08:17:13
"Kermadec Islands, New Zealand",UNK,EQ,Green,0.0,0.0,0.0,0.0,0.0,0.0,0.0,0.0,1,0.0,20.0,1776.0,9.0,303120.0,Low,Low,No,Continue routine monitoring,2026-04-10T08:17:13,2026-04-10T08:17:13
"Kermadec Islands, New Zealand",UNK,EQ,Green,0.0,0.0,0.0,0.0,0.0,0.0,0.0,0.0,1,0.0,20.0,1776.0,9.0,303120.0,Low,Low,No,Continue routine monitoring,2026-04-10T08:17:13,2026-04-10T08:17:13
"Kermadec Islands, New Zealand",UNK,EQ,Green,0.0,0.0,0.0,0.0,0.0,0.0,0.0,0.0,1,0.0,20.0,1776.0,9.0,303120.0,Low,Low,No,Continue routine monitoring,2026-04-10T08:17:13,2026-04-10T08:17:13
"Kermadec Islands, New Zealand",UNK,EQ,Green,0.0,0.0,0.0,0.0,0.0,0.0,0.0,0.0,1,0.0,20.0,1776.0,9.0,303120.0,Low,Low,No,Continue routine monitoring,2026-04-10T08:17:13,2026-04-10T08:17:13
"Kermadec Islands, New Zealand",UNK,EQ,Green,0.0,0.0,0.0,0.0,0.0,0.0,0.0,0.0,1,0.0,20.0,1776.0,9.0,303120.0,Low,Low,No,Continue routine monitoring,2026-04-10T08:17:13,2026-04-10T08:17:13
Reykjanes Ridge,UNK,EQ,Green,0.0,0.0,0.0,0.0,0.0,0.0,0.0,0.0,1,0.0,20.0,1776.0,9.0,303120.0,Low,Low,No,Continue routine monitoring,2026-04-10T03:22:07,2026-04-10T03:22:07
Reykjanes Ridge,UNK,EQ,Green,0.0,0.0,0.0,0.0,0.0,0.0,0.0,0.0,1,0.0,20.0,1776.0,9.0,303120.0,Low,Low,No,Continue routine monitoring,2026-04-10T03:22:07,2026-04-10T03:22:07
Reykjanes Ridge,UNK,EQ,Green,0.0,0.0,0.0,0.0,0.0,0.0,0.0,0.0,1,0.0,20.0,1776.0,9.0,303120.0,Low,Low,No,Continue routine monitoring,2026-04-10T03:22:07,2026-04-10T03:22:07
Reykjanes Ridge,UNK,EQ,Green,0.0,0.0,0.0,0.0,0.0,0.0,0.0,0.0,1,0.0,20.0,1776.0,9.0,303120.0,Low,Low,No,Continue routine monitoring,2026-04-10T03:22:07,2026-04-10T03:22:07
Reykjanes Ridge,UNK,EQ,Green,0.0,0.0,0.0,0.0,0.0,0.0,0.0,0.0,1,0.0,20.0,1776.0,9.0,303120.0,Low,Low,No,Continue routine monitoring,2026-04-10T03:22:07,2026-04-10T03:22:07
Reykjanes Ridge,UNK,EQ,Green,0.0,0.0,0.0,0.0,0.0,0.0,0.0,0.0,1,0.0,20.0,1776.0,9.0,303120.0,Low,Low,No,Continue routine monitoring,2026-04-10T03:22:07,2026-04-10T03:22:07
Reykjanes Ridge,UNK,EQ,Green,0.0,0.0,0.0,0.0,0.0,0.0,0.0,0.0,1,0.0,20.0,1776.0,9.0,303120.0,Low,Low,No,Continue routine monitoring,2026-04-10T03:22:07,2026-04-10T03:22:07
Reykjanes Ridge,UNK,EQ,Green,0.0,0.0,0.0,0.0,0.0,0.0,0.0,0.0,1,0.0,20.0,1776.0,9.0,303120.0,Low,Low,No,Continue routine monitoring,2026-04-10T03:22:07,2026-04-10T03:22:07
Reykjanes Ridge,UNK,EQ,Green,0.0,0.0,0.0,0.0,0.0,0.0,0.0,0.0,1,0.0,20.0,1776.0,9.0,303120.0,Low,Low,No,Continue routine monitoring,2026-04-10T03:22:07,2026-04-10T03:22:07
Reykjanes Ridge,UNK,EQ,Green,0.0,0.0,0.0,0.0,0.0,0.0,0.0,0.0,1,0.0,20.0,1776.0,9.0,303120.0,Low,Low,No,Continue routine monitoring,2026-04-10T03:22:07,2026-04-10T03:22:07
Reykjanes Ridge,UNK,EQ,Green,0.0,0.0,0.0,0.0,0.0,0.0,0.0,0.0,1,0.0,20.0,1776.0,9.0,303120.0,Low,Low,No,Continue routine monitoring,2026-04-10T03:22:07,2026-04-10T03:22:07
Reykjanes Ridge,UNK,EQ,Green,0.0,0.0,0.0,0.0,0.0,0.0,0.0,0.0,1,0.0,20.0,1776.0,9.0,303120.0,Low,Low,No,Continue routine monitoring,2026-04-10T03:22:07,2026-04-10T03:22:07
Reykjanes Ridge,UNK,EQ,Green,0.0,0.0,0.0,0.0,0.0,0.0,0.0,0.0,1,0.0,20.0,1776.0,9.0,303120.0,Low,Low,No,Continue routine monitoring,2026-04-10T03:22:07,2026-04-10T03:22:07
Reykjanes Ridge,UNK,EQ,Green,0.0,0.0,0.0,0.0,0.0,0.0,0.0,0.0,1,0.0,20.0,1776.0,9.0,303120.0,Low,Low,No,Continue routine monitoring,2026-04-10T03:22:07,2026-04-10T03:22:07
Reykjanes Ridge,UNK,EQ,Green,0.0,0.0,0.0,0.0,0.0,0.0,0.0,0.0,1,0.0,20.0,1776.0,9.0,303120.0,Low,Low,No,Continue routine monitoring,2026-04-10T03:22:07,2026-04-10T03:22:07
Reykjanes Ridge,UNK,EQ,Green,0.0,0.0,0.0,0.0,0.0,0.0,0.0,0.0,1,0.0,20.0,1776.0,9.0,303120.0,Low,Low,No,Continue routine monitoring,2026-04-10T03:22:07,2026-04-10T03:22:07
Reykjanes Ridge,UNK,EQ,Green,0.0,0.0,0.0,0.0,0.0,0.0,0.0,0.0,1,0.0,20.0,1776.0,9.0,303120.0,Low,Low,No,Continue routine monitoring,2026-04-10T03:22:07,2026-04-10T03:22:07
Reykjanes Ridge,UNK,EQ,Green,0.0,0.0,0.0,0.0,0.0,0.0,0.0,0.0,1,0.0,20.0,1776.0,9.0,303120.0,Low,Low,No,Continue routine monitoring,2026-04-10T03:22:07,2026-04-10T03:22:07
Reykjanes Ridge,UNK,EQ,Green,0.0,0.0,0.0,0.0,0.0,0.0,0.0,0.0,1,0.0,20.0,1776.0,9.0,303120.0,Low,Low,No,Continue routine monitoring,2026-04-10T03:22:07,2026-04-10T03:22:07
Reykjanes Ridge,UNK,EQ,Green,0.0,0.0,0.0,0.0,0.0,0.0,0.0,0.0,1,0.0,20.0,1776.0,9.0,303120.0,Low,Low,No,Continue routine monitoring,2026-04-10T03:22:07,2026-04-10T03:22:07
Reykjanes Ridge,UNK,EQ,Green,0.0,0.0,0.0,0.0,0.0,0.0,0.0,0.0,1,0.0,20.0,1776.0,9.0,303120.0,Low,Low,No,Continue routine monitoring,2026-04-10T03:22:07,2026-04-10T03:22:07
Reykjanes Ridge,UNK,EQ,Green,0.0,0.0,0.0,0.0,0.0,0.0,0.0,0.0,1,0.0,20.0,1776.0,9.0,303120.0,Low,Low,No,Continue routine monitoring,2026-04-10T03:22:07,2026-04-10T03:22:07
Reykjanes Ridge,UNK,EQ,Green,0.0,0.0,0.0,0.0,0.0,0.0,0.0,0.0,1,0.0,20.0,1776.0,9.0,303120.0,Low,Low,No,Continue routine monitoring,2026-04-10T03:22:07,2026-04-10T03:22:07
Reykjanes Ridge,UNK,EQ,Green,0.0,0.0,0.0,0.0,0.0,0.0,0.0,0.0,1,0.0,20.0,1776.0,9.0,303120.0,Low,Low,No,Continue routine monitoring,2026-04-10T03:22:07,2026-04-10T03:22:07
Reykjanes Ridge,UNK,EQ,Green,0.0,0.0,0.0,0.0,0.0,0.0,0.0,0.0,1,0.0,20.0,1776.0,9.0,303120.0,Low,Low,No,Continue routine monitoring,2026-04-10T03:22:07,2026-04-10T03:22:07
"Southeast Of Honshu, Japan",UNK,EQ,Green,0.0,0.0,0.0,0.0,0.0,0.0,0.0,0.0,1,0.0,20.0,1776.0,9.0,303120.0,Low,Low,No,Continue routine monitoring,2026-04-10T02:24:31,2026-04-10T02:24:31
"Southeast Of Honshu, Japan",UNK,EQ,Green,0.0,0.0,0.0,0.0,0.0,0.0,0.0,0.0,1,0.0,20.0,1776.0,9.0,303120.0,Low,Low,No,Continue routine monitoring,2026-04-10T02:24:31,2026-04-10T02:24:31
"Southeast Of Honshu, Japan",UNK,EQ,Green,0.0,0.0,0.0,0.0,0.0,0.0,0.0,0.0,1,0.0,20.0,1776.0,9.0,303120.0,Low,Low,No,Continue routine monitoring,2026-04-10T02:24:31,2026-04-10T02:24:31
"Southeast Of Honshu, Japan",UNK,EQ,Green,0.0,0.0,0.0,0.0,0.0,0.0,0.0,0.0,1,0.0,20.0,1776.0,9.0,303120.0,Low,Low,No,Continue routine monitoring,2026-04-10T02:24:31,2026-04-10T02:24:31
"Southeast Of Honshu, Japan",UNK,EQ,Green,0.0,0.0,0.0,0.0,0.0,0.0,0.0,0.0,1,0.0,20.0,1776.0,9.0,303120.0,Low,Low,No,Continue routine monitoring,2026-04-10T02:24:31,2026-04-10T02:24:31
"Southeast Of Honshu, Japan",UNK,EQ,Green,0.0,0.0,0.0,0.0,0.0,0.0,0.0,0.0,1,0.0,20.0,1776.0,9.0,303120.0,Low,Low,No,Continue routine monitoring,2026-04-10T02:24:31,2026-04-10T02:24:31
"Southeast Of Honshu, Japan",UNK,EQ,Green,0.0,0.0,0.0,0.0,0.0,0.0,0.0,0.0,1,0.0,20.0,1776.0,9.0,303120.0,Low,Low,No,Continue routine monitoring,2026-04-10T02:24:31,2026-04-10T02:24:31
"Southeast Of Honshu, Japan",UNK,EQ,Green,0.0,0.0,0.0,0.0,0.0,0.0,0.0,0.0,1,0.0,20.0,1776.0,9.0,303120.0,Low,Low,No,Continue routine monitoring,2026-04-10T02:24:31,2026-04-10T02:24:31
"Southeast Of Honshu, Japan",UNK,EQ,Green,0.0,0.0,0.0,0.0,0.0,0.0,0.0,0.0,1,0.0,20.0,1776.0,9.0,303120.0,Low,Low,No,Continue routine monitoring,2026-04-10T02:24:31,2026-04-10T02:24:31
"Southeast Of Honshu, Japan",UNK,EQ,Green,0.0,0.0,0.0,0.0,0.0,0.0,0.0,0.0,1,0.0,20.0,1776.0,9.0,303120.0,Low,Low,No,Continue routine monitoring,2026-04-10T02:24:31,2026-04-10T02:24:31
"Southeast Of Honshu, Japan",UNK,EQ,Green,0.0,0.0,0.0,0.0,0.0,0.0,0.0,0.0,1,0.0,20.0,1776.0,9.0,303120.0,Low,Low,No,Continue routine monitoring,2026-04-10T02:24:31,2026-04-10T02:24:31
"Southeast Of Honshu, Japan",UNK,EQ,Green,0.0,0.0,0.0,0.0,0.0,0.0,0.0,0.0,1,0.0,20.0,1776.0,9.0,303120.0,Low,Low,No,Continue routine monitoring,2026-04-10T02:24:31,2026-04-10T02:24:31
"Southeast Of Honshu, Japan",UNK,EQ,Green,0.0,0.0,0.0,0.0,0.0,0.0,0.0,0.0,1,0.0,20.0,1776.0,9.0,303120.0,Low,Low,No,Continue routine monitoring,2026-04-10T02:24:31,2026-04-10T02:24:31
"Southeast Of Honshu, Japan",UNK,EQ,Green,0.0,0.0,0.0,0.0,0.0,0.0,0.0,0.0,1,0.0,20.0,1776.0,9.0,303120.0,Low,Low,No,Continue routine monitoring,2026-04-10T02:24:31,2026-04-10T02:24:31
"Southeast Of Honshu, Japan",UNK,EQ,Green,0.0,0.0,0.0,0.0,0.0,0.0,0.0,0.0,1,0.0,20.0,1776.0,9.0,303120.0,Low,Low,No,Continue routine monitoring,2026-04-10T02:24:31,2026-04-10T02:24:31
"Southeast Of Honshu, Japan",UNK,EQ,Green,0.0,0.0,0.0,0.0,0.0,0.0,0.0,0.0,1,0.0,20.0,1776.0,9.0,303120.0,Low,Low,No,Continue routine monitoring,2026-04-10T02:24:31,2026-04-10T02:24:31
"Southeast Of Honshu, Japan",UNK,EQ,Green,0.0,0.0,0.0,0.0,0.0,0.0,0.0,0.0,1,0.0,20.0,1776.0,9.0,303120.0,Low,Low,No,Continue routine monitoring,2026-04-10T02:24:31,2026-04-10T02:24:31
"Southeast Of Honshu, Japan",UNK,EQ,Green,0.0,0.0,0.0,0.0,0.0,0.0,0.0,0.0,1,0.0,20.0,1776.0,9.0,303120.0,Low,Low,No,Continue routine monitoring,2026-04-10T02:24:31,2026-04-10T02:24:31
"Southeast Of Honshu, Japan",UNK,EQ,Green,0.0,0.0,0.0,0.0,0.0,0.0,0.0,0.0,1,0.0,20.0,1776.0,9.0,303120.0,Low,Low,No,Continue routine monitoring,2026-04-10T02:24:31,2026-04-10T02:24:31
"Southeast Of Honshu, Japan",UNK,EQ,Green,0.0,0.0,0.0,0.0,0.0,0.0,0.0,0.0,1,0.0,20.0,1776.0,9.0,303120.0,Low,Low,No,Continue routine monitoring,2026-04-10T02:24:31,2026-04-10T02:24:31
"Southeast Of Honshu, Japan",UNK,EQ,Green,0.0,0.0,0.0,0.0,0.0,0.0,0.0,0.0,1,0.0,20.0,1776.0,9.0,303120.0,Low,Low,No,Continue routine monitoring,2026-04-10T02:24:31,2026-04-10T02:24:31
"Southeast Of Honshu, Japan",UNK,EQ,Green,0.0,0.0,0.0,0.0,0.0,0.0,0.0,0.0,1,0.0,20.0,1776.0,9.0,303120.0,Low,Low,No,Continue routine monitoring,2026-04-10T02:24:31,2026-04-10T02:24:31
"Southeast Of Honshu, Japan",UNK,EQ,Green,0.0,0.0,0.0,0.0,0.0,0.0,0.0,0.0,1,0.0,20.0,1776.0,9.0,303120.0,Low,Low,No,Continue routine monitoring,2026-04-10T02:24:31,2026-04-10T02:24:31
"Southeast Of Honshu, Japan",UNK,EQ,Green,0.0,0.0,0.0,0.0,0.0,0.0,0.0,0.0,1,0.0,20.0,1776.0,9.0,303120.0,Low,Low,No,Continue routine monitoring,2026-04-10T02:24:31,2026-04-10T02:24:31
"Southeast Of Honshu, Japan",UNK,EQ,Green,0.0,0.0,0.0,0.0,0.0,0.0,0.0,0.0,1,0.0,20.0,1776.0,9.0,303120.0,Low,Low,No,Continue routine monitoring,2026-04-10T02:24:31,2026-04-10T02:24:31
Islamic Republic of Iran,IRN,EQ,Green,0.0,0.0,63.0,474.3015873015873,310466.5873015873,0.0,0.0,15.14,1,0.0,26.06,592990.0,906.0,80218800.0,Severe,Low,No,Urgent humanitarian mobilization recommended,2026-04-10T00:56:13,2026-04-10T00:56:13
Thailand,THA,WF,Green,0.0,0.0,79.0,146.1139240506329,1110046.6962025317,0.0,0.0,17.66,1,0.0,27.07,2144962.0,282.0,260215440.0,Severe,Low,No,Urgent humanitarian mobilization recommended,2026-04-02T00:00:00,2026-04-10T00:00:00
Laos,LAO,WF,Green,0.0,0.0,27.0,11.925925925925926,166739.2962962963,0.0,0.0,4.88,1,0.0,21.95,303327.0,22.0,36619240.0,Severe,Low,No,Urgent humanitarian mobilization recommended,2026-04-02T00:00:00,2026-04-10T00:00:00
Laos,LAO,WF,Green,0.0,0.0,27.0,11.925925925925926,166739.2962962963,0.0,0.0,4.88,1,0.0,21.95,303327.0,22.0,36619240.0,Severe,Low,No,Urgent humanitarian mobilization recommended,2026-04-02T00:00:00,2026-04-10T00:00:00
Laos,LAO,WF,Green,0.0,0.0,27.0,11.925925925925926,166739.2962962963,0.0,0.0,4.88,1,0.0,21.95,303327.0,22.0,36619240.0,Severe,Low,No,Urgent humanitarian mobilization recommended,2026-04-03T00:00:00,2026-04-10T00:00:00
Thailand,THA,WF,Green,0.0,0.0,79.0,146.1139240506329,1110046.6962025317,0.0,0.0,17.66,1,0.0,27.07,2144962.0,282.0,260215440.0,Severe,Low,No,Urgent humanitarian mobilization recommended,2026-04-03T00:00:00,2026-04-10T00:00:00
Laos,LAO,WF,Green,0.0,0.0,27.0,11.925925925925926,166739.2962962963,0.0,0.0,4.88,1,0.0,21.95,303327.0,22.0,36619240.0,Severe,Low,No,Urgent humanitarian mobilization recommended,2026-04-03T00:00:00,2026-04-10T00:00:00
Laos,LAO,WF,Green,0.0,0.0,27.0,11.925925925925926,166739.2962962963,0.0,0.0,4.88,1,0.0,21.95,303327.0,22.0,36619240.0,Severe,Low,No,Urgent humanitarian mobilization recommended,2026-04-03T00:00:00,2026-04-10T00:00:00
Thailand,THA,WF,Green,0.0,0.0,79.0,146.1139240506329,1110046.6962025317,0.0,0.0,17.66,1,0.0,27.07,2144962.0,282.0,260215440.0,Severe,Low,No,Urgent humanitarian mobilization recommended,2026-04-03T00:00:00,2026-04-10T00:00:00
Thailand,THA,WF,Green,0.0,0.0,79.0,146.1139240506329,1110046.6962025317,0.0,0.0,17.66,1,0.0,27.07,2144962.0,282.0,260215440.0,Severe,Low,No,Urgent humanitarian mobilization recommended,2026-04-03T00:00:00,2026-04-10T00:00:00
Thailand,THA,WF,Green,0.0,0.0,79.0,146.1139240506329,1110046.6962025317,0.0,0.0,17.66,1,0.0,27.07,2144962.0,282.0,260215440.0,Severe,Low,No,Urgent humanitarian mobilization recommended,2026-04-03T00:00:00,2026-04-10T00:00:00
Laos,LAO,WF,Green,0.0,0.0,27.0,11.925925925925926,166739.2962962963,0.0,0.0,4.88,1,0.0,21.95,303327.0,22.0,36619240.0,Severe,Low,No,Urgent humanitarian mobilization recommended,2026-04-04T00:00:00,2026-04-10T00:00:00
Thailand,THA,WF,Green,0.0,0.0,79.0,146.1139240506329,1110046.6962025317,0.0,0.0,17.66,1,0.0,27.07,2144962.0,282.0,260215440.0,Severe,Low,No,Urgent humanitarian mobilization recommended,2026-04-04T00:00:00,2026-04-10T00:00:00
India,IND,WF,Green,0.0,0.0,181.0,501.3425414364641,6335088.651933702,0.0,0.0,56.43,1,0.0,42.57,14415546.0,1141.0,1741275520.0,Severe,Medium,No,Urgent humanitarian mobilization recommended,2026-04-05T00:00:00,2026-04-10T00:00:00
Thailand,THA,WF,Green,0.0,0.0,79.0,146.1139240506329,1110046.6962025317,0.0,0.0,17.66,1,0.0,27.07,2144962.0,282.0,260215440.0,Severe,Low,No,Urgent humanitarian mobilization recommended,2026-04-07T00:00:00,2026-04-10T00:00:00
Australia,AUS,WF,Green,0.0,0.0,89.0,10.325842696629213,8902.191011235955,0.0,0.0,13.77,1,0.0,25.51,16895.0,20.0,2227400.0,Moderate,Low,No,Continue routine monitoring,2026-04-08T00:00:00,2026-04-10T00:00:00
Russian Federation,RUS,WF,Green,0.0,0.0,81.0,719.9629629629629,32989.30864197531,0.0,0.0,19.07,1,0.0,27.63,64157.0,1400.0,21698840.0,Severe,Low,No,Urgent humanitarian mobilization recommended,2026-04-08T00:00:00,2026-04-10T00:00:00
Australia,AUS,WF,Green,0.0,0.0,89.0,10.325842696629213,8902.191011235955,0.0,0.0,13.77,1,0.0,25.51,16895.0,20.0,2227400.0,Moderate,Low,No,Continue routine monitoring,2026-04-09T00:00:00,2026-04-10T00:00:00
Australia,AUS,WF,Green,0.0,0.0,89.0,10.325842696629213,8902.191011235955,0.0,0.0,13.77,1,0.0,25.51,16895.0,20.0,2227400.0,Moderate,Low,No,Continue routine monitoring,2026-04-09T00:00:00,2026-04-10T00:00:00
Laos,LAO,WF,Green,0.0,0.0,27.0,11.925925925925926,166739.2962962963,0.0,0.0,4.88,1,0.0,21.95,303327.0,22.0,36619240.0,Severe,Low,No,Urgent humanitarian mobilization recommended,2026-04-02T00:00:00,2026-04-10T00:00:00
Peru,PER,EQ,Green,0.0,0.0,79.0,52.77215189873418,149356.74683544305,0.0,0.0,13.16,1,0.0,25.26,282644.0,100.0,34917280.0,Severe,Low,No,Urgent humanitarian mobilization recommended,2026-04-09T23:57:48,2026-04-09T23:57:48
South Of Mariana Islands,UNK,EQ,Green,0.0,0.0,0.0,0.0,0.0,0.0,0.0,0.0,1,0.0,20.0,1776.0,9.0,303120.0,Low,Low,No,Continue routine monitoring,2026-04-09T23:26:35,2026-04-09T23:26:35
South Of Mariana Islands,UNK,EQ,Green,0.0,0.0,0.0,0.0,0.0,0.0,0.0,0.0,1,0.0,20.0,1776.0,9.0,303120.0,Low,Low,No,Continue routine monitoring,2026-04-09T23:26:35,2026-04-09T23:26:35
South Of Mariana Islands,UNK,EQ,Green,0.0,0.0,0.0,0.0,0.0,0.0,0.0,0.0,1,0.0,20.0,1776.0,9.0,303120.0,Low,Low,No,Continue routine monitoring,2026-04-09T23:26:35,2026-04-09T23:26:35
South Of Mariana Islands,UNK,EQ,Green,0.0,0.0,0.0,0.0,0.0,0.0,0.0,0.0,1,0.0,20.0,1776.0,9.0,303120.0,Low,Low,No,Continue routine monitoring,2026-04-09T23:26:35,2026-04-09T23:26:35
South Of Mariana Islands,UNK,EQ,Green,0.0,0.0,0.0,0.0,0.0,0.0,0.0,0.0,1,0.0,20.0,1776.0,9.0,303120.0,Low,Low,No,Continue routine monitoring,2026-04-09T23:26:35,2026-04-09T23:26:35
South Of Mariana Islands,UNK,EQ,Green,0.0,0.0,0.0,0.0,0.0,0.0,0.0,0.0,1,0.0,20.0,1776.0,9.0,303120.0,Low,Low,No,Continue routine monitoring,2026-04-09T23:26:35,2026-04-09T23:26:35
South Of Mariana Islands,UNK,EQ,Green,0.0,0.0,0.0,0.0,0.0,0.0,0.0,0.0,1,0.0,20.0,1776.0,9.0,303120.0,Low,Low,No,Continue routine monitoring,2026-04-09T23:26:35,2026-04-09T23:26:35
South Of Mariana Islands,UNK,EQ,Green,0.0,0.0,0.0,0.0,0.0,0.0,0.0,0.0,1,0.0,20.0,1776.0,9.0,303120.0,Low,Low,No,Continue routine monitoring,2026-04-09T23:26:35,2026-04-09T23:26:35
South Of Mariana Islands,UNK,EQ,Green,0.0,0.0,0.0,0.0,0.0,0.0,0.0,0.0,1,0.0,20.0,1776.0,9.0,303120.0,Low,Low,No,Continue routine monitoring,2026-04-09T23:26:35,2026-04-09T23:26:35
South Of Mariana Islands,UNK,EQ,Green,0.0,0.0,0.0,0.0,0.0,0.0,0.0,0.0,1,0.0,20.0,1776.0,9.0,303120.0,Low,Low,No,Continue routine monitoring,2026-04-09T23:26:35,2026-04-09T23:26:35
South Of Mariana Islands,UNK,EQ,Green,0.0,0.0,0.0,0.0,0.0,0.0,0.0,0.0,1,0.0,20.0,1776.0,9.0,303120.0,Low,Low,No,Continue routine monitoring,2026-04-09T23:26:35,2026-04-09T23:26:35
South Of Mariana Islands,UNK,EQ,Green,0.0,0.0,0.0,0.0,0.0,0.0,0.0,0.0,1,0.0,20.0,1776.0,9.0,303120.0,Low,Low,No,Continue routine monitoring,2026-04-09T23:26:35,2026-04-09T23:26:35
South Of Mariana Islands,UNK,EQ,Green,0.0,0.0,0.0,0.0,0.0,0.0,0.0,0.0,1,0.0,20.0,1776.0,9.0,303120.0,Low,Low,No,Continue routine monitoring,2026-04-09T23:26:35,2026-04-09T23:26:35
South Of Mariana Islands,UNK,EQ,Green,0.0,0.0,0.0,0.0,0.0,0.0,0.0,0.0,1,0.0,20.0,1776.0,9.0,303120.0,Low,Low,No,Continue routine monitoring,2026-04-09T23:26:35,2026-04-09T23:26:35
South Of Mariana Islands,UNK,EQ,Green,0.0,0.0,0.0,0.0,0.0,0.0,0.0,0.0,1,0.0,20.0,1776.0,9.0,303120.0,Low,Low,No,Continue routine monitoring,2026-04-09T23:26:35,2026-04-09T23:26:35
South Of Mariana Islands,UNK,EQ,Green,0.0,0.0,0.0,0.0,0.0,0.0,0.0,0.0,1,0.0,20.0,1776.0,9.0,303120.0,Low,Low,No,Continue routine monitoring,2026-04-09T23:26:35,2026-04-09T23:26:35
South Of Mariana Islands,UNK,EQ,Green,0.0,0.0,0.0,0.0,0.0,0.0,0.0,0.0,1,0.0,20.0,1776.0,9.0,303120.0,Low,Low,No,Continue routine monitoring,2026-04-09T23:26:35,2026-04-09T23:26:35
South Of Mariana Islands,UNK,EQ,Green,0.0,0.0,0.0,0.0,0.0,0.0,0.0,0.0,1,0.0,20.0,1776.0,9.0,303120.0,Low,Low,No,Continue routine monitoring,2026-04-09T23:26:35,2026-04-09T23:26:35
South Of Mariana Islands,UNK,EQ,Green,0.0,0.0,0.0,0.0,0.0,0.0,0.0,0.0,1,0.0,20.0,1776.0,9.0,303120.0,Low,Low,No,Continue routine monitoring,2026-04-09T23:26:35,2026-04-09T23:26:35
South Of Mariana Islands,UNK,EQ,Green,0.0,0.0,0.0,0.0,0.0,0.0,0.0,0.0,1,0.0,20.0,1776.0,9.0,303120.0,Low,Low,No,Continue routine monitoring,2026-04-09T23:26:35,2026-04-09T23:26:35
South Of Mariana Islands,UNK,EQ,Green,0.0,0.0,0.0,0.0,0.0,0.0,0.0,0.0,1,0.0,20.0,1776.0,9.0,303120.0,Low,Low,No,Continue routine monitoring,2026-04-09T23:26:35,2026-04-09T23:26:35
South Of Mariana Islands,UNK,EQ,Green,0.0,0.0,0.0,0.0,0.0,0.0,0.0,0.0,1,0.0,20.0,1776.0,9.0,303120.0,Low,Low,No,Continue routine monitoring,2026-04-09T23:26:35,2026-04-09T23:26:35
South Of Mariana Islands,UNK,EQ,Green,0.0,0.0,0.0,0.0,0.0,0.0,0.0,0.0,1,0.0,20.0,1776.0,9.0,303120.0,Low,Low,No,Continue routine monitoring,2026-04-09T23:26:35,2026-04-09T23:26:35
South Of Mariana Islands,UNK,EQ,Green,0.0,0.0,0.0,0.0,0.0,0.0,0.0,0.0,1,0.0,20.0,1776.0,9.0,303120.0,Low,Low,No,Continue routine monitoring,2026-04-09T23:26:35,2026-04-09T23:26:35
South Of Mariana Islands,UNK,EQ,Green,0.0,0.0,0.0,0.0,0.0,0.0,0.0,0.0,1,0.0,20.0,1776.0,9.0,303120.0,Low,Low,No,Continue routine monitoring,2026-04-09T23:26:35,2026-04-09T23:26:35
China,CHN,EQ,Green,0.0,0.0,225.0,513.8311111111111,7871884.715555555,0.0,0.0,69.15,1,0.0,47.66,18798470.0,1227.0,2268086400.0,Severe,Medium,No,Urgent humanitarian mobilization recommended,2026-04-09T22:25:20,2026-04-09T22:25:20
South Shetland Islands,UNK,EQ,Green,0.0,0.0,0.0,0.0,0.0,0.0,0.0,0.0,1,0.0,20.0,1776.0,9.0,303120.0,Low,Low,No,Continue routine monitoring,2026-04-09T21:59:20,2026-04-09T21:59:20
South Shetland Islands,UNK,EQ,Green,0.0,0.0,0.0,0.0,0.0,0.0,0.0,0.0,1,0.0,20.0,1776.0,9.0,303120.0,Low,Low,No,Continue routine monitoring,2026-04-09T21:59:20,2026-04-09T21:59:20
South Shetland Islands,UNK,EQ,Green,0.0,0.0,0.0,0.0,0.0,0.0,0.0,0.0,1,0.0,20.0,1776.0,9.0,303120.0,Low,Low,No,Continue routine monitoring,2026-04-09T21:59:20,2026-04-09T21:59:20
South Shetland Islands,UNK,EQ,Green,0.0,0.0,0.0,0.0,0.0,0.0,0.0,0.0,1,0.0,20.0,1776.0,9.0,303120.0,Low,Low,No,Continue routine monitoring,2026-04-09T21:59:20,2026-04-09T21:59:20
South Shetland Islands,UNK,EQ,Green,0.0,0.0,0.0,0.0,0.0,0.0,0.0,0.0,1,0.0,20.0,1776.0,9.0,303120.0,Low,Low,No,Continue routine monitoring,2026-04-09T21:59:20,2026-04-09T21:59:20
South Shetland Islands,UNK,EQ,Green,0.0,0.0,0.0,0.0,0.0,0.0,0.0,0.0,1,0.0,20.0,1776.0,9.0,303120.0,Low,Low,No,Continue routine monitoring,2026-04-09T21:59:20,2026-04-09T21:59:20
South Shetland Islands,UNK,EQ,Green,0.0,0.0,0.0,0.0,0.0,0.0,0.0,0.0,1,0.0,20.0,1776.0,9.0,303120.0,Low,Low,No,Continue routine monitoring,2026-04-09T21:59:20,2026-04-09T21:59:20
South Shetland Islands,UNK,EQ,Green,0.0,0.0,0.0,0.0,0.0,0.0,0.0,0.0,1,0.0,20.0,1776.0,9.0,303120.0,Low,Low,No,Continue routine monitoring,2026-04-09T21:59:20,2026-04-09T21:59:20
South Shetland Islands,UNK,EQ,Green,0.0,0.0,0.0,0.0,0.0,0.0,0.0,0.0,1,0.0,20.0,1776.0,9.0,303120.0,Low,Low,No,Continue routine monitoring,2026-04-09T21:59:20,2026-04-09T21:59:20
South Shetland Islands,UNK,EQ,Green,0.0,0.0,0.0,0.0,0.0,0.0,0.0,0.0,1,0.0,20.0,1776.0,9.0,303120.0,Low,Low,No,Continue routine monitoring,2026-04-09T21:59:20,2026-04-09T21:59:20
South Shetland Islands,UNK,EQ,Green,0.0,0.0,0.0,0.0,0.0,0.0,0.0,0.0,1,0.0,20.0,1776.0,9.0,303120.0,Low,Low,No,Continue routine monitoring,2026-04-09T21:59:20,2026-04-09T21:59:20
South Shetland Islands,UNK,EQ,Green,0.0,0.0,0.0,0.0,0.0,0.0,0.0,0.0,1,0.0,20.0,1776.0,9.0,303120.0,Low,Low,No,Continue routine monitoring,2026-04-09T21:59:20,2026-04-09T21:59:20
South Shetland Islands,UNK,EQ,Green,0.0,0.0,0.0,0.0,0.0,0.0,0.0,0.0,1,0.0,20.0,1776.0,9.0,303120.0,Low,Low,No,Continue routine monitoring,2026-04-09T21:59:20,2026-04-09T21:59:20
South Shetland Islands,UNK,EQ,Green,0.0,0.0,0.0,0.0,0.0,0.0,0.0,0.0,1,0.0,20.0,1776.0,9.0,303120.0,Low,Low,No,Continue routine monitoring,2026-04-09T21:59:20,2026-04-09T21:59:20
South Shetland Islands,UNK,EQ,Green,0.0,0.0,0.0,0.0,0.0,0.0,0.0,0.0,1,0.0,20.0,1776.0,9.0,303120.0,Low,Low,No,Continue routine monitoring,2026-04-09T21:59:20,2026-04-09T21:59:20
South Shetland Islands,UNK,EQ,Green,0.0,0.0,0.0,0.0,0.0,0.0,0.0,0.0,1,0.0,20.0,1776.0,9.0,303120.0,Low,Low,No,Continue routine monitoring,2026-04-09T21:59:20,2026-04-09T21:59:20
South Shetland Islands,UNK,EQ,Green,0.0,0.0,0.0,0.0,0.0,0.0,0.0,0.0,1,0.0,20.0,1776.0,9.0,303120.0,Low,Low,No,Continue routine monitoring,2026-04-09T21:59:20,2026-04-09T21:59:20
South Shetland Islands,UNK,EQ,Green,0.0,0.0,0.0,0.0,0.0,0.0,0.0,0.0,1,0.0,20.0,1776.0,9.0,303120.0,Low,Low,No,Continue routine monitoring,2026-04-09T21:59:20,2026-04-09T21:59:20
South Shetland Islands,UNK,EQ,Green,0.0,0.0,0.0,0.0,0.0,0.0,0.0,0.0,1,0.0,20.0,1776.0,9.0,303120.0,Low,Low,No,Continue routine monitoring,2026-04-09T21:59:20,2026-04-09T21:59:20
South Shetland Islands,UNK,EQ,Green,0.0,0.0,0.0,0.0,0.0,0.0,0.0,0.0,1,0.0,20.0,1776.0,9.0,303120.0,Low,Low,No,Continue routine monitoring,2026-04-09T21:59:20,2026-04-09T21:59:20
South Shetland Islands,UNK,EQ,Green,0.0,0.0,0.0,0.0,0.0,0.0,0.0,0.0,1,0.0,20.0,1776.0,9.0,303120.0,Low,Low,No,Continue routine monitoring,2026-04-09T21:59:20,2026-04-09T21:59:20
South Shetland Islands,UNK,EQ,Green,0.0,0.0,0.0,0.0,0.0,0.0,0.0,0.0,1,0.0,20.0,1776.0,9.0,303120.0,Low,Low,No,Continue routine monitoring,2026-04-09T21:59:20,2026-04-09T21:59:20
South Shetland Islands,UNK,EQ,Green,0.0,0.0,0.0,0.0,0.0,0.0,0.0,0.0,1,0.0,20.0,1776.0,9.0,303120.0,Low,Low,No,Continue routine monitoring,2026-04-09T21:59:20,2026-04-09T21:59:20
South Shetland Islands,UNK,EQ,Green,0.0,0.0,0.0,0.0,0.0,0.0,0.0,0.0,1,0.0,20.0,1776.0,9.0,303120.0,Low,Low,No,Continue routine monitoring,2026-04-09T21:59:20,2026-04-09T21:59:20
South Shetland Islands,UNK,EQ,Green,0.0,0.0,0.0,0.0,0.0,0.0,0.0,0.0,1,0.0,20.0,1776.0,9.0,303120.0,Low,Low,No,Continue routine monitoring,2026-04-09T21:59:20,2026-04-09T21:59:20
Fiji,FJI,EQ,Green,0.0,0.0,22.0,7.0,68426.18181818182,0.0,0.0,3.7,1,0.0,21.48,123760.0,13.0,14981200.0,High,Low,No,High priority monitoring and response,2026-04-09T20:42:40,2026-04-09T20:42:40
Papua New Guinea,PNG,EQ,Green,0.0,0.0,45.0,29.622222222222224,84681.2,0.0,0.0,7.49,1,0.0,23.0,156003.0,55.0,19270360.0,Severe,Low,No,Urgent humanitarian mobilization recommended,2026-04-09T20:20:02,2026-04-09T20:20:02
"Southeast Of Honshu, Japan",UNK,EQ,Green,0.0,0.0,0.0,0.0,0.0,0.0,0.0,0.0,1,0.0,20.0,1776.0,9.0,303120.0,Low,Low,No,Continue routine monitoring,2026-04-09T18:54:24,2026-04-09T18:54:24
"Southeast Of Honshu, Japan",UNK,EQ,Green,0.0,0.0,0.0,0.0,0.0,0.0,0.0,0.0,1,0.0,20.0,1776.0,9.0,303120.0,Low,Low,No,Continue routine monitoring,2026-04-09T18:54:24,2026-04-09T18:54:24
"Southeast Of Honshu, Japan",UNK,EQ,Green,0.0,0.0,0.0,0.0,0.0,0.0,0.0,0.0,1,0.0,20.0,1776.0,9.0,303120.0,Low,Low,No,Continue routine monitoring,2026-04-09T18:54:24,2026-04-09T18:54:24
"Southeast Of Honshu, Japan",UNK,EQ,Green,0.0,0.0,0.0,0.0,0.0,0.0,0.0,0.0,1,0.0,20.0,1776.0,9.0,303120.0,Low,Low,No,Continue routine monitoring,2026-04-09T18:54:24,2026-04-09T18:54:24
"Southeast Of Honshu, Japan",UNK,EQ,Green,0.0,0.0,0.0,0.0,0.0,0.0,0.0,0.0,1,0.0,20.0,1776.0,9.0,303120.0,Low,Low,No,Continue routine monitoring,2026-04-09T18:54:24,2026-04-09T18:54:24
"Southeast Of Honshu, Japan",UNK,EQ,Green,0.0,0.0,0.0,0.0,0.0,0.0,0.0,0.0,1,0.0,20.0,1776.0,9.0,303120.0,Low,Low,No,Continue routine monitoring,2026-04-09T18:54:24,2026-04-09T18:54:24
"Southeast Of Honshu, Japan",UNK,EQ,Green,0.0,0.0,0.0,0.0,0.0,0.0,0.0,0.0,1,0.0,20.0,1776.0,9.0,303120.0,Low,Low,No,Continue routine monitoring,2026-04-09T18:54:24,2026-04-09T18:54:24
"Southeast Of Honshu, Japan",UNK,EQ,Green,0.0,0.0,0.0,0.0,0.0,0.0,0.0,0.0,1,0.0,20.0,1776.0,9.0,303120.0,Low,Low,No,Continue routine monitoring,2026-04-09T18:54:24,2026-04-09T18:54:24
"Southeast Of Honshu, Japan",UNK,EQ,Green,0.0,0.0,0.0,0.0,0.0,0.0,0.0,0.0,1,0.0,20.0,1776.0,9.0,303120.0,Low,Low,No,Continue routine monitoring,2026-04-09T18:54:24,2026-04-09T18:54:24
"Southeast Of Honshu, Japan",UNK,EQ,Green,0.0,0.0,0.0,0.0,0.0,0.0,0.0,0.0,1,0.0,20.0,1776.0,9.0,303120.0,Low,Low,No,Continue routine monitoring,2026-04-09T18:54:24,2026-04-09T18:54:24
"Southeast Of Honshu, Japan",UNK,EQ,Green,0.0,0.0,0.0,0.0,0.0,0.0,0.0,0.0,1,0.0,20.0,1776.0,9.0,303120.0,Low,Low,No,Continue routine monitoring,2026-04-09T18:54:24,2026-04-09T18:54:24
"Southeast Of Honshu, Japan",UNK,EQ,Green,0.0,0.0,0.0,0.0,0.0,0.0,0.0,0.0,1,0.0,20.0,1776.0,9.0,303120.0,Low,Low,No,Continue routine monitoring,2026-04-09T18:54:24,2026-04-09T18:54:24
"Southeast Of Honshu, Japan",UNK,EQ,Green,0.0,0.0,0.0,0.0,0.0,0.0,0.0,0.0,1,0.0,20.0,1776.0,9.0,303120.0,Low,Low,No,Continue routine monitoring,2026-04-09T18:54:24,2026-04-09T18:54:24
"Southeast Of Honshu, Japan",UNK,EQ,Green,0.0,0.0,0.0,0.0,0.0,0.0,0.0,0.0,1,0.0,20.0,1776.0,9.0,303120.0,Low,Low,No,Continue routine monitoring,2026-04-09T18:54:24,2026-04-09T18:54:24
"Southeast Of Honshu, Japan",UNK,EQ,Green,0.0,0.0,0.0,0.0,0.0,0.0,0.0,0.0,1,0.0,20.0,1776.0,9.0,303120.0,Low,Low,No,Continue routine monitoring,2026-04-09T18:54:24,2026-04-09T18:54:24
"Southeast Of Honshu, Japan",UNK,EQ,Green,0.0,0.0,0.0,0.0,0.0,0.0,0.0,0.0,1,0.0,20.0,1776.0,9.0,303120.0,Low,Low,No,Continue routine monitoring,2026-04-09T18:54:24,2026-04-09T18:54:24
"Southeast Of Honshu, Japan",UNK,EQ,Green,0.0,0.0,0.0,0.0,0.0,0.0,0.0,0.0,1,0.0,20.0,1776.0,9.0,303120.0,Low,Low,No,Continue routine monitoring,2026-04-09T18:54:24,2026-04-09T18:54:24
"Southeast Of Honshu, Japan",UNK,EQ,Green,0.0,0.0,0.0,0.0,0.0,0.0,0.0,0.0,1,0.0,20.0,1776.0,9.0,303120.0,Low,Low,No,Continue routine monitoring,2026-04-09T18:54:24,2026-04-09T18:54:24
"Southeast Of Honshu, Japan",UNK,EQ,Green,0.0,0.0,0.0,0.0,0.0,0.0,0.0,0.0,1,0.0,20.0,1776.0,9.0,303120.0,Low,Low,No,Continue routine monitoring,2026-04-09T18:54:24,2026-04-09T18:54:24
"Southeast Of Honshu, Japan",UNK,EQ,Green,0.0,0.0,0.0,0.0,0.0,0.0,0.0,0.0,1,0.0,20.0,1776.0,9.0,303120.0,Low,Low,No,Continue routine monitoring,2026-04-09T18:54:24,2026-04-09T18:54:24
"Southeast Of Honshu, Japan",UNK,EQ,Green,0.0,0.0,0.0,0.0,0.0,0.0,0.0,0.0,1,0.0,20.0,1776.0,9.0,303120.0,Low,Low,No,Continue routine monitoring,2026-04-09T18:54:24,2026-04-09T18:54:24
"Southeast Of Honshu, Japan",UNK,EQ,Green,0.0,0.0,0.0,0.0,0.0,0.0,0.0,0.0,1,0.0,20.0,1776.0,9.0,303120.0,Low,Low,No,Continue routine monitoring,2026-04-09T18:54:24,2026-04-09T18:54:24
"Southeast Of Honshu, Japan",UNK,EQ,Green,0.0,0.0,0.0,0.0,0.0,0.0,0.0,0.0,1,0.0,20.0,1776.0,9.0,303120.0,Low,Low,No,Continue routine monitoring,2026-04-09T18:54:24,2026-04-09T18:54:24
"Southeast Of Honshu, Japan",UNK,EQ,Green,0.0,0.0,0.0,0.0,0.0,0.0,0.0,0.0,1,0.0,20.0,1776.0,9.0,303120.0,Low,Low,No,Continue routine monitoring,2026-04-09T18:54:24,2026-04-09T18:54:24
"Southeast Of Honshu, Japan",UNK,EQ,Green,0.0,0.0,0.0,0.0,0.0,0.0,0.0,0.0,1,0.0,20.0,1776.0,9.0,303120.0,Low,Low,No,Continue routine monitoring,2026-04-09T18:54:24,2026-04-09T18:54:24
North Pacific Ocean,UNK,EQ,Green,0.0,0.0,0.0,0.0,0.0,0.0,0.0,0.0,1,0.0,20.0,1776.0,9.0,303120.0,Low,Low,No,Continue routine monitoring,2026-04-09T15:49:55,2026-04-09T15:49:55
North Pacific Ocean,UNK,EQ,Green,0.0,0.0,0.0,0.0,0.0,0.0,0.0,0.0,1,0.0,20.0,1776.0,9.0,303120.0,Low,Low,No,Continue routine monitoring,2026-04-09T15:49:55,2026-04-09T15:49:55
North Pacific Ocean,UNK,EQ,Green,0.0,0.0,0.0,0.0,0.0,0.0,0.0,0.0,1,0.0,20.0,1776.0,9.0,303120.0,Low,Low,No,Continue routine monitoring,2026-04-09T15:49:55,2026-04-09T15:49:55
North Pacific Ocean,UNK,EQ,Green,0.0,0.0,0.0,0.0,0.0,0.0,0.0,0.0,1,0.0,20.0,1776.0,9.0,303120.0,Low,Low,No,Continue routine monitoring,2026-04-09T15:49:55,2026-04-09T15:49:55
North Pacific Ocean,UNK,EQ,Green,0.0,0.0,0.0,0.0,0.0,0.0,0.0,0.0,1,0.0,20.0,1776.0,9.0,303120.0,Low,Low,No,Continue routine monitoring,2026-04-09T15:49:55,2026-04-09T15:49:55
North Pacific Ocean,UNK,EQ,Green,0.0,0.0,0.0,0.0,0.0,0.0,0.0,0.0,1,0.0,20.0,1776.0,9.0,303120.0,Low,Low,No,Continue routine monitoring,2026-04-09T15:49:55,2026-04-09T15:49:55
North Pacific Ocean,UNK,EQ,Green,0.0,0.0,0.0,0.0,0.0,0.0,0.0,0.0,1,0.0,20.0,1776.0,9.0,303120.0,Low,Low,No,Continue routine monitoring,2026-04-09T15:49:55,2026-04-09T15:49:55
North Pacific Ocean,UNK,EQ,Green,0.0,0.0,0.0,0.0,0.0,0.0,0.0,0.0,1,0.0,20.0,1776.0,9.0,303120.0,Low,Low,No,Continue routine monitoring,2026-04-09T15:49:55,2026-04-09T15:49:55
North Pacific Ocean,UNK,EQ,Green,0.0,0.0,0.0,0.0,0.0,0.0,0.0,0.0,1,0.0,20.0,1776.0,9.0,303120.0,Low,Low,No,Continue routine monitoring,2026-04-09T15:49:55,2026-04-09T15:49:55
North Pacific Ocean,UNK,EQ,Green,0.0,0.0,0.0,0.0,0.0,0.0,0.0,0.0,1,0.0,20.0,1776.0,9.0,303120.0,Low,Low,No,Continue routine monitoring,2026-04-09T15:49:55,2026-04-09T15:49:55
North Pacific Ocean,UNK,EQ,Green,0.0,0.0,0.0,0.0,0.0,0.0,0.0,0.0,1,0.0,20.0,1776.0,9.0,303120.0,Low,Low,No,Continue routine monitoring,2026-04-09T15:49:55,2026-04-09T15:49:55
North Pacific Ocean,UNK,EQ,Green,0.0,0.0,0.0,0.0,0.0,0.0,0.0,0.0,1,0.0,20.0,1776.0,9.0,303120.0,Low,Low,No,Continue routine monitoring,2026-04-09T15:49:55,2026-04-09T15:49:55
North Pacific Ocean,UNK,EQ,Green,0.0,0.0,0.0,0.0,0.0,0.0,0.0,0.0,1,0.0,20.0,1776.0,9.0,303120.0,Low,Low,No,Continue routine monitoring,2026-04-09T15:49:55,2026-04-09T15:49:55
North Pacific Ocean,UNK,EQ,Green,0.0,0.0,0.0,0.0,0.0,0.0,0.0,0.0,1,0.0,20.0,1776.0,9.0,303120.0,Low,Low,No,Continue routine monitoring,2026-04-09T15:49:55,2026-04-09T15:49:55
North Pacific Ocean,UNK,EQ,Green,0.0,0.0,0.0,0.0,0.0,0.0,0.0,0.0,1,0.0,20.0,1776.0,9.0,303120.0,Low,Low,No,Continue routine monitoring,2026-04-09T15:49:55,2026-04-09T15:49:55
North Pacific Ocean,UNK,EQ,Green,0.0,0.0,0.0,0.0,0.0,0.0,0.0,0.0,1,0.0,20.0,1776.0,9.0,303120.0,Low,Low,No,Continue routine monitoring,2026-04-09T15:49:55,2026-04-09T15:49:55
North Pacific Ocean,UNK,EQ,Green,0.0,0.0,0.0,0.0,0.0,0.0,0.0,0.0,1,0.0,20.0,1776.0,9.0,303120.0,Low,Low,No,Continue routine monitoring,2026-04-09T15:49:55,2026-04-09T15:49:55
North Pacific Ocean,UNK,EQ,Green,0.0,0.0,0.0,0.0,0.0,0.0,0.0,0.0,1,0.0,20.0,1776.0,9.0,303120.0,Low,Low,No,Continue routine monitoring,2026-04-09T15:49:55,2026-04-09T15:49:55
North Pacific Ocean,UNK,EQ,Green,0.0,0.0,0.0,0.0,0.0,0.0,0.0,0.0,1,0.0,20.0,1776.0,9.0,303120.0,Low,Low,No,Continue routine monitoring,2026-04-09T15:49:55,2026-04-09T15:49:55
North Pacific Ocean,UNK,EQ,Green,0.0,0.0,0.0,0.0,0.0,0.0,0.0,0.0,1,0.0,20.0,1776.0,9.0,303120.0,Low,Low,No,Continue routine monitoring,2026-04-09T15:49:55,2026-04-09T15:49:55
North Pacific Ocean,UNK,EQ,Green,0.0,0.0,0.0,0.0,0.0,0.0,0.0,0.0,1,0.0,20.0,1776.0,9.0,303120.0,Low,Low,No,Continue routine monitoring,2026-04-09T15:49:55,2026-04-09T15:49:55
North Pacific Ocean,UNK,EQ,Green,0.0,0.0,0.0,0.0,0.0,0.0,0.0,0.0,1,0.0,20.0,1776.0,9.0,303120.0,Low,Low,No,Continue routine monitoring,2026-04-09T15:49:55,2026-04-09T15:49:55
North Pacific Ocean,UNK,EQ,Green,0.0,0.0,0.0,0.0,0.0,0.0,0.0,0.0,1,0.0,20.0,1776.0,9.0,303120.0,Low,Low,No,Continue routine monitoring,2026-04-09T15:49:55,2026-04-09T15:49:55
North Pacific Ocean,UNK,EQ,Green,0.0,0.0,0.0,0.0,0.0,0.0,0.0,0.0,1,0.0,20.0,1776.0,9.0,303120.0,Low,Low,No,Continue routine monitoring,2026-04-09T15:49:55,2026-04-09T15:49:55
North Pacific Ocean,UNK,EQ,Green,0.0,0.0,0.0,0.0,0.0,0.0,0.0,0.0,1,0.0,20.0,1776.0,9.0,303120.0,Low,Low,No,Continue routine monitoring,2026-04-09T15:49:55,2026-04-09T15:49:55
South Of Mariana Islands,UNK,EQ,Green,0.0,0.0,0.0,0.0,0.0,0.0,0.0,0.0,1,0.0,20.0,1776.0,9.0,303120.0,Low,Low,No,Continue routine monitoring,2026-04-09T15:25:13,2026-04-09T15:25:13
South Of Mariana Islands,UNK,EQ,Green,0.0,0.0,0.0,0.0,0.0,0.0,0.0,0.0,1,0.0,20.0,1776.0,9.0,303120.0,Low,Low,No,Continue routine monitoring,2026-04-09T15:25:13,2026-04-09T15:25:13
South Of Mariana Islands,UNK,EQ,Green,0.0,0.0,0.0,0.0,0.0,0.0,0.0,0.0,1,0.0,20.0,1776.0,9.0,303120.0,Low,Low,No,Continue routine monitoring,2026-04-09T15:25:13,2026-04-09T15:25:13
South Of Mariana Islands,UNK,EQ,Green,0.0,0.0,0.0,0.0,0.0,0.0,0.0,0.0,1,0.0,20.0,1776.0,9.0,303120.0,Low,Low,No,Continue routine monitoring,2026-04-09T15:25:13,2026-04-09T15:25:13
South Of Mariana Islands,UNK,EQ,Green,0.0,0.0,0.0,0.0,0.0,0.0,0.0,0.0,1,0.0,20.0,1776.0,9.0,303120.0,Low,Low,No,Continue routine monitoring,2026-04-09T15:25:13,2026-04-09T15:25:13
South Of Mariana Islands,UNK,EQ,Green,0.0,0.0,0.0,0.0,0.0,0.0,0.0,0.0,1,0.0,20.0,1776.0,9.0,303120.0,Low,Low,No,Continue routine monitoring,2026-04-09T15:25:13,2026-04-09T15:25:13
South Of Mariana Islands,UNK,EQ,Green,0.0,0.0,0.0,0.0,0.0,0.0,0.0,0.0,1,0.0,20.0,1776.0,9.0,303120.0,Low,Low,No,Continue routine monitoring,2026-04-09T15:25:13,2026-04-09T15:25:13
South Of Mariana Islands,UNK,EQ,Green,0.0,0.0,0.0,0.0,0.0,0.0,0.0,0.0,1,0.0,20.0,1776.0,9.0,303120.0,Low,Low,No,Continue routine monitoring,2026-04-09T15:25:13,2026-04-09T15:25:13
South Of Mariana Islands,UNK,EQ,Green,0.0,0.0,0.0,0.0,0.0,0.0,0.0,0.0,1,0.0,20.0,1776.0,9.0,303120.0,Low,Low,No,Continue routine monitoring,2026-04-09T15:25:13,2026-04-09T15:25:13
South Of Mariana Islands,UNK,EQ,Green,0.0,0.0,0.0,0.0,0.0,0.0,0.0,0.0,1,0.0,20.0,1776.0,9.0,303120.0,Low,Low,No,Continue routine monitoring,2026-04-09T15:25:13,2026-04-09T15:25:13
South Of Mariana Islands,UNK,EQ,Green,0.0,0.0,0.0,0.0,0.0,0.0,0.0,0.0,1,0.0,20.0,1776.0,9.0,303120.0,Low,Low,No,Continue routine monitoring,2026-04-09T15:25:13,2026-04-09T15:25:13
South Of Mariana Islands,UNK,EQ,Green,0.0,0.0,0.0,0.0,0.0,0.0,0.0,0.0,1,0.0,20.0,1776.0,9.0,303120.0,Low,Low,No,Continue routine monitoring,2026-04-09T15:25:13,2026-04-09T15:25:13
South Of Mariana Islands,UNK,EQ,Green,0.0,0.0,0.0,0.0,0.0,0.0,0.0,0.0,1,0.0,20.0,1776.0,9.0,303120.0,Low,Low,No,Continue routine monitoring,2026-04-09T15:25:13,2026-04-09T15:25:13
South Of Mariana Islands,UNK,EQ,Green,0.0,0.0,0.0,0.0,0.0,0.0,0.0,0.0,1,0.0,20.0,1776.0,9.0,303120.0,Low,Low,No,Continue routine monitoring,2026-04-09T15:25:13,2026-04-09T15:25:13
South Of Mariana Islands,UNK,EQ,Green,0.0,0.0,0.0,0.0,0.0,0.0,0.0,0.0,1,0.0,20.0,1776.0,9.0,303120.0,Low,Low,No,Continue routine monitoring,2026-04-09T15:25:13,2026-04-09T15:25:13
South Of Mariana Islands,UNK,EQ,Green,0.0,0.0,0.0,0.0,0.0,0.0,0.0,0.0,1,0.0,20.0,1776.0,9.0,303120.0,Low,Low,No,Continue routine monitoring,2026-04-09T15:25:13,2026-04-09T15:25:13
South Of Mariana Islands,UNK,EQ,Green,0.0,0.0,0.0,0.0,0.0,0.0,0.0,0.0,1,0.0,20.0,1776.0,9.0,303120.0,Low,Low,No,Continue routine monitoring,2026-04-09T15:25:13,2026-04-09T15:25:13
South Of Mariana Islands,UNK,EQ,Green,0.0,0.0,0.0,0.0,0.0,0.0,0.0,0.0,1,0.0,20.0,1776.0,9.0,303120.0,Low,Low,No,Continue routine monitoring,2026-04-09T15:25:13,2026-04-09T15:25:13
South Of Mariana Islands,UNK,EQ,Green,0.0,0.0,0.0,0.0,0.0,0.0,0.0,0.0,1,0.0,20.0,1776.0,9.0,303120.0,Low,Low,No,Continue routine monitoring,2026-04-09T15:25:13,2026-04-09T15:25:13
South Of Mariana Islands,UNK,EQ,Green,0.0,0.0,0.0,0.0,0.0,0.0,0.0,0.0,1,0.0,20.0,1776.0,9.0,303120.0,Low,Low,No,Continue routine monitoring,2026-04-09T15:25:13,2026-04-09T15:25:13
South Of Mariana Islands,UNK,EQ,Green,0.0,0.0,0.0,0.0,0.0,0.0,0.0,0.0,1,0.0,20.0,1776.0,9.0,303120.0,Low,Low,No,Continue routine monitoring,2026-04-09T15:25:13,2026-04-09T15:25:13
South Of Mariana Islands,UNK,EQ,Green,0.0,0.0,0.0,0.0,0.0,0.0,0.0,0.0,1,0.0,20.0,1776.0,9.0,303120.0,Low,Low,No,Continue routine monitoring,2026-04-09T15:25:13,2026-04-09T15:25:13
South Of Mariana Islands,UNK,EQ,Green,0.0,0.0,0.0,0.0,0.0,0.0,0.0,0.0,1,0.0,20.0,1776.0,9.0,303120.0,Low,Low,No,Continue routine monitoring,2026-04-09T15:25:13,2026-04-09T15:25:13
South Of Mariana Islands,UNK,EQ,Green,0.0,0.0,0.0,0.0,0.0,0.0,0.0,0.0,1,0.0,20.0,1776.0,9.0,303120.0,Low,Low,No,Continue routine monitoring,2026-04-09T15:25:13,2026-04-09T15:25:13
South Of Mariana Islands,UNK,EQ,Green,0.0,0.0,0.0,0.0,0.0,0.0,0.0,0.0,1,0.0,20.0,1776.0,9.0,303120.0,Low,Low,No,Continue routine monitoring,2026-04-09T15:25:13,2026-04-09T15:25:13
Philippines,PHL,EQ,Green,0.0,0.0,130.0,198.54615384615386,1902892.9846153846,0.0,0.0,28.98,1,0.0,31.59,3867568.0,404.0,468148160.0,Severe,Low,No,Urgent humanitarian mobilization recommended,2026-04-09T15:07:31,2026-04-09T15:07:31
Indonesia,IDN,EQ,Green,0.0,0.0,157.0,1208.9745222929937,299439.949044586,0.0,0.0,36.17,1,0.0,34.47,627675.0,2534.0,100661000.0,Severe,Low,No,Urgent humanitarian mobilization recommended,2026-04-09T07:32:21,2026-04-09T07:32:21
Fiji,FJI,TC,Green,0.0,0.0,22.0,7.0,68426.18181818182,0.0,0.0,3.7,1,0.0,21.48,123760.0,13.0,14981200.0,High,Low,No,High priority monitoring and response,2026-04-05T00:00:00,2026-04-09T06:00:00
"E. Caroline Islands, Micronesia",UNK,EQ,Green,0.0,0.0,0.0,0.0,0.0,0.0,0.0,0.0,1,0.0,20.0,1776.0,9.0,303120.0,Low,Low,No,Continue routine monitoring,2026-04-09T05:35:00,2026-04-09T05:35:00
"E. Caroline Islands, Micronesia",UNK,EQ,Green,0.0,0.0,0.0,0.0,0.0,0.0,0.0,0.0,1,0.0,20.0,1776.0,9.0,303120.0,Low,Low,No,Continue routine monitoring,2026-04-09T05:35:00,2026-04-09T05:35:00
"E. Caroline Islands, Micronesia",UNK,EQ,Green,0.0,0.0,0.0,0.0,0.0,0.0,0.0,0.0,1,0.0,20.0,1776.0,9.0,303120.0,Low,Low,No,Continue routine monitoring,2026-04-09T05:35:00,2026-04-09T05:35:00
"E. Caroline Islands, Micronesia",UNK,EQ,Green,0.0,0.0,0.0,0.0,0.0,0.0,0.0,0.0,1,0.0,20.0,1776.0,9.0,303120.0,Low,Low,No,Continue routine monitoring,2026-04-09T05:35:00,2026-04-09T05:35:00
"E. Caroline Islands, Micronesia",UNK,EQ,Green,0.0,0.0,0.0,0.0,0.0,0.0,0.0,0.0,1,0.0,20.0,1776.0,9.0,303120.0,Low,Low,No,Continue routine monitoring,2026-04-09T05:35:00,2026-04-09T05:35:00
"E. Caroline Islands, Micronesia",UNK,EQ,Green,0.0,0.0,0.0,0.0,0.0,0.0,0.0,0.0,1,0.0,20.0,1776.0,9.0,303120.0,Low,Low,No,Continue routine monitoring,2026-04-09T05:35:00,2026-04-09T05:35:00
"E. Caroline Islands, Micronesia",UNK,EQ,Green,0.0,0.0,0.0,0.0,0.0,0.0,0.0,0.0,1,0.0,20.0,1776.0,9.0,303120.0,Low,Low,No,Continue routine monitoring,2026-04-09T05:35:00,2026-04-09T05:35:00
"E. Caroline Islands, Micronesia",UNK,EQ,Green,0.0,0.0,0.0,0.0,0.0,0.0,0.0,0.0,1,0.0,20.0,1776.0,9.0,303120.0,Low,Low,No,Continue routine monitoring,2026-04-09T05:35:00,2026-04-09T05:35:00
"E. Caroline Islands, Micronesia",UNK,EQ,Green,0.0,0.0,0.0,0.0,0.0,0.0,0.0,0.0,1,0.0,20.0,1776.0,9.0,303120.0,Low,Low,No,Continue routine monitoring,2026-04-09T05:35:00,2026-04-09T05:35:00
"E. Caroline Islands, Micronesia",UNK,EQ,Green,0.0,0.0,0.0,0.0,0.0,0.0,0.0,0.0,1,0.0,20.0,1776.0,9.0,303120.0,Low,Low,No,Continue routine monitoring,2026-04-09T05:35:00,2026-04-09T05:35:00
"E. Caroline Islands, Micronesia",UNK,EQ,Green,0.0,0.0,0.0,0.0,0.0,0.0,0.0,0.0,1,0.0,20.0,1776.0,9.0,303120.0,Low,Low,No,Continue routine monitoring,2026-04-09T05:35:00,2026-04-09T05:35:00
"E. Caroline Islands, Micronesia",UNK,EQ,Green,0.0,0.0,0.0,0.0,0.0,0.0,0.0,0.0,1,0.0,20.0,1776.0,9.0,303120.0,Low,Low,No,Continue routine monitoring,2026-04-09T05:35:00,2026-04-09T05:35:00
"E. Caroline Islands, Micronesia",UNK,EQ,Green,0.0,0.0,0.0,0.0,0.0,0.0,0.0,0.0,1,0.0,20.0,1776.0,9.0,303120.0,Low,Low,No,Continue routine monitoring,2026-04-09T05:35:00,2026-04-09T05:35:00
"E. Caroline Islands, Micronesia",UNK,EQ,Green,0.0,0.0,0.0,0.0,0.0,0.0,0.0,0.0,1,0.0,20.0,1776.0,9.0,303120.0,Low,Low,No,Continue routine monitoring,2026-04-09T05:35:00,2026-04-09T05:35:00
"E. Caroline Islands, Micronesia",UNK,EQ,Green,0.0,0.0,0.0,0.0,0.0,0.0,0.0,0.0,1,0.0,20.0,1776.0,9.0,303120.0,Low,Low,No,Continue routine monitoring,2026-04-09T05:35:00,2026-04-09T05:35:00
"E. Caroline Islands, Micronesia",UNK,EQ,Green,0.0,0.0,0.0,0.0,0.0,0.0,0.0,0.0,1,0.0,20.0,1776.0,9.0,303120.0,Low,Low,No,Continue routine monitoring,2026-04-09T05:35:00,2026-04-09T05:35:00
"E. Caroline Islands, Micronesia",UNK,EQ,Green,0.0,0.0,0.0,0.0,0.0,0.0,0.0,0.0,1,0.0,20.0,1776.0,9.0,303120.0,Low,Low,No,Continue routine monitoring,2026-04-09T05:35:00,2026-04-09T05:35:00
"E. Caroline Islands, Micronesia",UNK,EQ,Green,0.0,0.0,0.0,0.0,0.0,0.0,0.0,0.0,1,0.0,20.0,1776.0,9.0,303120.0,Low,Low,No,Continue routine monitoring,2026-04-09T05:35:00,2026-04-09T05:35:00
"E. Caroline Islands, Micronesia",UNK,EQ,Green,0.0,0.0,0.0,0.0,0.0,0.0,0.0,0.0,1,0.0,20.0,1776.0,9.0,303120.0,Low,Low,No,Continue routine monitoring,2026-04-09T05:35:00,2026-04-09T05:35:00
"E. Caroline Islands, Micronesia",UNK,EQ,Green,0.0,0.0,0.0,0.0,0.0,0.0,0.0,0.0,1,0.0,20.0,1776.0,9.0,303120.0,Low,Low,No,Continue routine monitoring,2026-04-09T05:35:00,2026-04-09T05:35:00
"E. Caroline Islands, Micronesia",UNK,EQ,Green,0.0,0.0,0.0,0.0,0.0,0.0,0.0,0.0,1,0.0,20.0,1776.0,9.0,303120.0,Low,Low,No,Continue routine monitoring,2026-04-09T05:35:00,2026-04-09T05:35:00
"E. Caroline Islands, Micronesia",UNK,EQ,Green,0.0,0.0,0.0,0.0,0.0,0.0,0.0,0.0,1,0.0,20.0,1776.0,9.0,303120.0,Low,Low,No,Continue routine monitoring,2026-04-09T05:35:00,2026-04-09T05:35:00
"E. Caroline Islands, Micronesia",UNK,EQ,Green,0.0,0.0,0.0,0.0,0.0,0.0,0.0,0.0,1,0.0,20.0,1776.0,9.0,303120.0,Low,Low,No,Continue routine monitoring,2026-04-09T05:35:00,2026-04-09T05:35:00
"E. Caroline Islands, Micronesia",UNK,EQ,Green,0.0,0.0,0.0,0.0,0.0,0.0,0.0,0.0,1,0.0,20.0,1776.0,9.0,303120.0,Low,Low,No,Continue routine monitoring,2026-04-09T05:35:00,2026-04-09T05:35:00
"E. Caroline Islands, Micronesia",UNK,EQ,Green,0.0,0.0,0.0,0.0,0.0,0.0,0.0,0.0,1,0.0,20.0,1776.0,9.0,303120.0,Low,Low,No,Continue routine monitoring,2026-04-09T05:35:00,2026-04-09T05:35:00
Japan,JPN,EQ,Green,0.0,0.0,109.0,219.9724770642202,51883.76146788991,0.0,0.0,18.9,1,0.0,27.56,100823.0,427.0,16368760.0,Severe,Low,No,Urgent humanitarian mobilization recommended,2026-04-09T01:34:25,2026-04-09T01:34:25
South Of Fiji Islands,UNK,EQ,Green,0.0,0.0,0.0,0.0,0.0,0.0,0.0,0.0,1,0.0,20.0,1776.0,9.0,303120.0,Low,Low,No,Continue routine monitoring,2026-04-09T00:16:01,2026-04-09T00:16:01
South Of Fiji Islands,UNK,EQ,Green,0.0,0.0,0.0,0.0,0.0,0.0,0.0,0.0,1,0.0,20.0,1776.0,9.0,303120.0,Low,Low,No,Continue routine monitoring,2026-04-09T00:16:01,2026-04-09T00:16:01
South Of Fiji Islands,UNK,EQ,Green,0.0,0.0,0.0,0.0,0.0,0.0,0.0,0.0,1,0.0,20.0,1776.0,9.0,303120.0,Low,Low,No,Continue routine monitoring,2026-04-09T00:16:01,2026-04-09T00:16:01
South Of Fiji Islands,UNK,EQ,Green,0.0,0.0,0.0,0.0,0.0,0.0,0.0,0.0,1,0.0,20.0,1776.0,9.0,303120.0,Low,Low,No,Continue routine monitoring,2026-04-09T00:16:01,2026-04-09T00:16:01
South Of Fiji Islands,UNK,EQ,Green,0.0,0.0,0.0,0.0,0.0,0.0,0.0,0.0,1,0.0,20.0,1776.0,9.0,303120.0,Low,Low,No,Continue routine monitoring,2026-04-09T00:16:01,2026-04-09T00:16:01
South Of Fiji Islands,UNK,EQ,Green,0.0,0.0,0.0,0.0,0.0,0.0,0.0,0.0,1,0.0,20.0,1776.0,9.0,303120.0,Low,Low,No,Continue routine monitoring,2026-04-09T00:16:01,2026-04-09T00:16:01
South Of Fiji Islands,UNK,EQ,Green,0.0,0.0,0.0,0.0,0.0,0.0,0.0,0.0,1,0.0,20.0,1776.0,9.0,303120.0,Low,Low,No,Continue routine monitoring,2026-04-09T00:16:01,2026-04-09T00:16:01
South Of Fiji Islands,UNK,EQ,Green,0.0,0.0,0.0,0.0,0.0,0.0,0.0,0.0,1,0.0,20.0,1776.0,9.0,303120.0,Low,Low,No,Continue routine monitoring,2026-04-09T00:16:01,2026-04-09T00:16:01
South Of Fiji Islands,UNK,EQ,Green,0.0,0.0,0.0,0.0,0.0,0.0,0.0,0.0,1,0.0,20.0,1776.0,9.0,303120.0,Low,Low,No,Continue routine monitoring,2026-04-09T00:16:01,2026-04-09T00:16:01
South Of Fiji Islands,UNK,EQ,Green,0.0,0.0,0.0,0.0,0.0,0.0,0.0,0.0,1,0.0,20.0,1776.0,9.0,303120.0,Low,Low,No,Continue routine monitoring,2026-04-09T00:16:01,2026-04-09T00:16:01
South Of Fiji Islands,UNK,EQ,Green,0.0,0.0,0.0,0.0,0.0,0.0,0.0,0.0,1,0.0,20.0,1776.0,9.0,303120.0,Low,Low,No,Continue routine monitoring,2026-04-09T00:16:01,2026-04-09T00:16:01
South Of Fiji Islands,UNK,EQ,Green,0.0,0.0,0.0,0.0,0.0,0.0,0.0,0.0,1,0.0,20.0,1776.0,9.0,303120.0,Low,Low,No,Continue routine monitoring,2026-04-09T00:16:01,2026-04-09T00:16:01
South Of Fiji Islands,UNK,EQ,Green,0.0,0.0,0.0,0.0,0.0,0.0,0.0,0.0,1,0.0,20.0,1776.0,9.0,303120.0,Low,Low,No,Continue routine monitoring,2026-04-09T00:16:01,2026-04-09T00:16:01
South Of Fiji Islands,UNK,EQ,Green,0.0,0.0,0.0,0.0,0.0,0.0,0.0,0.0,1,0.0,20.0,1776.0,9.0,303120.0,Low,Low,No,Continue routine monitoring,2026-04-09T00:16:01,2026-04-09T00:16:01
South Of Fiji Islands,UNK,EQ,Green,0.0,0.0,0.0,0.0,0.0,0.0,0.0,0.0,1,0.0,20.0,1776.0,9.0,303120.0,Low,Low,No,Continue routine monitoring,2026-04-09T00:16:01,2026-04-09T00:16:01
South Of Fiji Islands,UNK,EQ,Green,0.0,0.0,0.0,0.0,0.0,0.0,0.0,0.0,1,0.0,20.0,1776.0,9.0,303120.0,Low,Low,No,Continue routine monitoring,2026-04-09T00:16:01,2026-04-09T00:16:01
South Of Fiji Islands,UNK,EQ,Green,0.0,0.0,0.0,0.0,0.0,0.0,0.0,0.0,1,0.0,20.0,1776.0,9.0,303120.0,Low,Low,No,Continue routine monitoring,2026-04-09T00:16:01,2026-04-09T00:16:01
South Of Fiji Islands,UNK,EQ,Green,0.0,0.0,0.0,0.0,0.0,0.0,0.0,0.0,1,0.0,20.0,1776.0,9.0,303120.0,Low,Low,No,Continue routine monitoring,2026-04-09T00:16:01,2026-04-09T00:16:01
South Of Fiji Islands,UNK,EQ,Green,0.0,0.0,0.0,0.0,0.0,0.0,0.0,0.0,1,0.0,20.0,1776.0,9.0,303120.0,Low,Low,No,Continue routine monitoring,2026-04-09T00:16:01,2026-04-09T00:16:01
South Of Fiji Islands,UNK,EQ,Green,0.0,0.0,0.0,0.0,0.0,0.0,0.0,0.0,1,0.0,20.0,1776.0,9.0,303120.0,Low,Low,No,Continue routine monitoring,2026-04-09T00:16:01,2026-04-09T00:16:01
South Of Fiji Islands,UNK,EQ,Green,0.0,0.0,0.0,0.0,0.0,0.0,0.0,0.0,1,0.0,20.0,1776.0,9.0,303120.0,Low,Low,No,Continue routine monitoring,2026-04-09T00:16:01,2026-04-09T00:16:01
South Of Fiji Islands,UNK,EQ,Green,0.0,0.0,0.0,0.0,0.0,0.0,0.0,0.0,1,0.0,20.0,1776.0,9.0,303120.0,Low,Low,No,Continue routine monitoring,2026-04-09T00:16:01,2026-04-09T00:16:01
South Of Fiji Islands,UNK,EQ,Green,0.0,0.0,0.0,0.0,0.0,0.0,0.0,0.0,1,0.0,20.0,1776.0,9.0,303120.0,Low,Low,No,Continue routine monitoring,2026-04-09T00:16:01,2026-04-09T00:16:01
South Of Fiji Islands,UNK,EQ,Green,0.0,0.0,0.0,0.0,0.0,0.0,0.0,0.0,1,0.0,20.0,1776.0,9.0,303120.0,Low,Low,No,Continue routine monitoring,2026-04-09T00:16:01,2026-04-09T00:16:01
South Of Fiji Islands,UNK,EQ,Green,0.0,0.0,0.0,0.0,0.0,0.0,0.0,0.0,1,0.0,20.0,1776.0,9.0,303120.0,Low,Low,No,Continue routine monitoring,2026-04-09T00:16:01,2026-04-09T00:16:01
Australia,AUS,WF,Green,0.0,0.0,89.0,10.325842696629213,8902.191011235955,0.0,0.0,13.77,1,0.0,25.51,16895.0,20.0,2227400.0,Moderate,Low,No,Continue routine monitoring,2026-04-07T00:00:00,2026-04-09T00:00:00
India,IND,WF,Green,0.0,0.0,181.0,501.3425414364641,6335088.651933702,0.0,0.0,56.43,1,0.0,42.57,14415546.0,1141.0,1741275520.0,Severe,Medium,No,Urgent humanitarian mobilization recommended,2026-04-04T00:00:00,2026-04-09T00:00:00
United States,USA,WF,Green,0.0,0.0,261.0,43.2911877394636,420374.6781609195,0.0,0.0,41.99,1,0.0,36.8,902842.0,93.0,109271040.0,Severe,Low,No,Urgent humanitarian mobilization recommended,2026-04-05T00:00:00,2026-04-09T00:00:00
Reykjanes Ridge,UNK,EQ,Green,0.0,0.0,0.0,0.0,0.0,0.0,0.0,0.0,1,0.0,20.0,1776.0,9.0,303120.0,Low,Low,No,Continue routine monitoring,2026-04-08T23:23:04,2026-04-08T23:23:04
Reykjanes Ridge,UNK,EQ,Green,0.0,0.0,0.0,0.0,0.0,0.0,0.0,0.0,1,0.0,20.0,1776.0,9.0,303120.0,Low,Low,No,Continue routine monitoring,2026-04-08T23:23:04,2026-04-08T23:23:04
Reykjanes Ridge,UNK,EQ,Green,0.0,0.0,0.0,0.0,0.0,0.0,0.0,0.0,1,0.0,20.0,1776.0,9.0,303120.0,Low,Low,No,Continue routine monitoring,2026-04-08T23:23:04,2026-04-08T23:23:04
Reykjanes Ridge,UNK,EQ,Green,0.0,0.0,0.0,0.0,0.0,0.0,0.0,0.0,1,0.0,20.0,1776.0,9.0,303120.0,Low,Low,No,Continue routine monitoring,2026-04-08T23:23:04,2026-04-08T23:23:04
Reykjanes Ridge,UNK,EQ,Green,0.0,0.0,0.0,0.0,0.0,0.0,0.0,0.0,1,0.0,20.0,1776.0,9.0,303120.0,Low,Low,No,Continue routine monitoring,2026-04-08T23:23:04,2026-04-08T23:23:04
Reykjanes Ridge,UNK,EQ,Green,0.0,0.0,0.0,0.0,0.0,0.0,0.0,0.0,1,0.0,20.0,1776.0,9.0,303120.0,Low,Low,No,Continue routine monitoring,2026-04-08T23:23:04,2026-04-08T23:23:04
Reykjanes Ridge,UNK,EQ,Green,0.0,0.0,0.0,0.0,0.0,0.0,0.0,0.0,1,0.0,20.0,1776.0,9.0,303120.0,Low,Low,No,Continue routine monitoring,2026-04-08T23:23:04,2026-04-08T23:23:04
Reykjanes Ridge,UNK,EQ,Green,0.0,0.0,0.0,0.0,0.0,0.0,0.0,0.0,1,0.0,20.0,1776.0,9.0,303120.0,Low,Low,No,Continue routine monitoring,2026-04-08T23:23:04,2026-04-08T23:23:04
Reykjanes Ridge,UNK,EQ,Green,0.0,0.0,0.0,0.0,0.0,0.0,0.0,0.0,1,0.0,20.0,1776.0,9.0,303120.0,Low,Low,No,Continue routine monitoring,2026-04-08T23:23:04,2026-04-08T23:23:04
Reykjanes Ridge,UNK,EQ,Green,0.0,0.0,0.0,0.0,0.0,0.0,0.0,0.0,1,0.0,20.0,1776.0,9.0,303120.0,Low,Low,No,Continue routine monitoring,2026-04-08T23:23:04,2026-04-08T23:23:04
Reykjanes Ridge,UNK,EQ,Green,0.0,0.0,0.0,0.0,0.0,0.0,0.0,0.0,1,0.0,20.0,1776.0,9.0,303120.0,Low,Low,No,Continue routine monitoring,2026-04-08T23:23:04,2026-04-08T23:23:04
Reykjanes Ridge,UNK,EQ,Green,0.0,0.0,0.0,0.0,0.0,0.0,0.0,0.0,1,0.0,20.0,1776.0,9.0,303120.0,Low,Low,No,Continue routine monitoring,2026-04-08T23:23:04,2026-04-08T23:23:04
Reykjanes Ridge,UNK,EQ,Green,0.0,0.0,0.0,0.0,0.0,0.0,0.0,0.0,1,0.0,20.0,1776.0,9.0,303120.0,Low,Low,No,Continue routine monitoring,2026-04-08T23:23:04,2026-04-08T23:23:04
Reykjanes Ridge,UNK,EQ,Green,0.0,0.0,0.0,0.0,0.0,0.0,0.0,0.0,1,0.0,20.0,1776.0,9.0,303120.0,Low,Low,No,Continue routine monitoring,2026-04-08T23:23:04,2026-04-08T23:23:04
Reykjanes Ridge,UNK,EQ,Green,0.0,0.0,0.0,0.0,0.0,0.0,0.0,0.0,1,0.0,20.0,1776.0,9.0,303120.0,Low,Low,No,Continue routine monitoring,2026-04-08T23:23:04,2026-04-08T23:23:04
Reykjanes Ridge,UNK,EQ,Green,0.0,0.0,0.0,0.0,0.0,0.0,0.0,0.0,1,0.0,20.0,1776.0,9.0,303120.0,Low,Low,No,Continue routine monitoring,2026-04-08T23:23:04,2026-04-08T23:23:04
Reykjanes Ridge,UNK,EQ,Green,0.0,0.0,0.0,0.0,0.0,0.0,0.0,0.0,1,0.0,20.0,1776.0,9.0,303120.0,Low,Low,No,Continue routine monitoring,2026-04-08T23:23:04,2026-04-08T23:23:04
Reykjanes Ridge,UNK,EQ,Green,0.0,0.0,0.0,0.0,0.0,0.0,0.0,0.0,1,0.0,20.0,1776.0,9.0,303120.0,Low,Low,No,Continue routine monitoring,2026-04-08T23:23:04,2026-04-08T23:23:04
Reykjanes Ridge,UNK,EQ,Green,0.0,0.0,0.0,0.0,0.0,0.0,0.0,0.0,1,0.0,20.0,1776.0,9.0,303120.0,Low,Low,No,Continue routine monitoring,2026-04-08T23:23:04,2026-04-08T23:23:04
Reykjanes Ridge,UNK,EQ,Green,0.0,0.0,0.0,0.0,0.0,0.0,0.0,0.0,1,0.0,20.0,1776.0,9.0,303120.0,Low,Low,No,Continue routine monitoring,2026-04-08T23:23:04,2026-04-08T23:23:04
Reykjanes Ridge,UNK,EQ,Green,0.0,0.0,0.0,0.0,0.0,0.0,0.0,0.0,1,0.0,20.0,1776.0,9.0,303120.0,Low,Low,No,Continue routine monitoring,2026-04-08T23:23:04,2026-04-08T23:23:04
Reykjanes Ridge,UNK,EQ,Green,0.0,0.0,0.0,0.0,0.0,0.0,0.0,0.0,1,0.0,20.0,1776.0,9.0,303120.0,Low,Low,No,Continue routine monitoring,2026-04-08T23:23:04,2026-04-08T23:23:04
Reykjanes Ridge,UNK,EQ,Green,0.0,0.0,0.0,0.0,0.0,0.0,0.0,0.0,1,0.0,20.0,1776.0,9.0,303120.0,Low,Low,No,Continue routine monitoring,2026-04-08T23:23:04,2026-04-08T23:23:04
Reykjanes Ridge,UNK,EQ,Green,0.0,0.0,0.0,0.0,0.0,0.0,0.0,0.0,1,0.0,20.0,1776.0,9.0,303120.0,Low,Low,No,Continue routine monitoring,2026-04-08T23:23:04,2026-04-08T23:23:04
Reykjanes Ridge,UNK,EQ,Green,0.0,0.0,0.0,0.0,0.0,0.0,0.0,0.0,1,0.0,20.0,1776.0,9.0,303120.0,Low,Low,No,Continue routine monitoring,2026-04-08T23:23:04,2026-04-08T23:23:04
Northern Molucca Sea,UNK,EQ,Green,0.0,0.0,0.0,0.0,0.0,0.0,0.0,0.0,1,0.0,20.0,1776.0,9.0,303120.0,Low,Low,No,Continue routine monitoring,2026-04-08T19:14:44,2026-04-08T19:14:44
Northern Molucca Sea,UNK,EQ,Green,0.0,0.0,0.0,0.0,0.0,0.0,0.0,0.0,1,0.0,20.0,1776.0,9.0,303120.0,Low,Low,No,Continue routine monitoring,2026-04-08T19:14:44,2026-04-08T19:14:44
Northern Molucca Sea,UNK,EQ,Green,0.0,0.0,0.0,0.0,0.0,0.0,0.0,0.0,1,0.0,20.0,1776.0,9.0,303120.0,Low,Low,No,Continue routine monitoring,2026-04-08T19:14:44,2026-04-08T19:14:44
Northern Molucca Sea,UNK,EQ,Green,0.0,0.0,0.0,0.0,0.0,0.0,0.0,0.0,1,0.0,20.0,1776.0,9.0,303120.0,Low,Low,No,Continue routine monitoring,2026-04-08T19:14:44,2026-04-08T19:14:44
Northern Molucca Sea,UNK,EQ,Green,0.0,0.0,0.0,0.0,0.0,0.0,0.0,0.0,1,0.0,20.0,1776.0,9.0,303120.0,Low,Low,No,Continue routine monitoring,2026-04-08T19:14:44,2026-04-08T19:14:44
Northern Molucca Sea,UNK,EQ,Green,0.0,0.0,0.0,0.0,0.0,0.0,0.0,0.0,1,0.0,20.0,1776.0,9.0,303120.0,Low,Low,No,Continue routine monitoring,2026-04-08T19:14:44,2026-04-08T19:14:44
Northern Molucca Sea,UNK,EQ,Green,0.0,0.0,0.0,0.0,0.0,0.0,0.0,0.0,1,0.0,20.0,1776.0,9.0,303120.0,Low,Low,No,Continue routine monitoring,2026-04-08T19:14:44,2026-04-08T19:14:44
Northern Molucca Sea,UNK,EQ,Green,0.0,0.0,0.0,0.0,0.0,0.0,0.0,0.0,1,0.0,20.0,1776.0,9.0,303120.0,Low,Low,No,Continue routine monitoring,2026-04-08T19:14:44,2026-04-08T19:14:44
Northern Molucca Sea,UNK,EQ,Green,0.0,0.0,0.0,0.0,0.0,0.0,0.0,0.0,1,0.0,20.0,1776.0,9.0,303120.0,Low,Low,No,Continue routine monitoring,2026-04-08T19:14:44,2026-04-08T19:14:44
Northern Molucca Sea,UNK,EQ,Green,0.0,0.0,0.0,0.0,0.0,0.0,0.0,0.0,1,0.0,20.0,1776.0,9.0,303120.0,Low,Low,No,Continue routine monitoring,2026-04-08T19:14:44,2026-04-08T19:14:44
Northern Molucca Sea,UNK,EQ,Green,0.0,0.0,0.0,0.0,0.0,0.0,0.0,0.0,1,0.0,20.0,1776.0,9.0,303120.0,Low,Low,No,Continue routine monitoring,2026-04-08T19:14:44,2026-04-08T19:14:44
Northern Molucca Sea,UNK,EQ,Green,0.0,0.0,0.0,0.0,0.0,0.0,0.0,0.0,1,0.0,20.0,1776.0,9.0,303120.0,Low,Low,No,Continue routine monitoring,2026-04-08T19:14:44,2026-04-08T19:14:44
Northern Molucca Sea,UNK,EQ,Green,0.0,0.0,0.0,0.0,0.0,0.0,0.0,0.0,1,0.0,20.0,1776.0,9.0,303120.0,Low,Low,No,Continue routine monitoring,2026-04-08T19:14:44,2026-04-08T19:14:44
Northern Molucca Sea,UNK,EQ,Green,0.0,0.0,0.0,0.0,0.0,0.0,0.0,0.0,1,0.0,20.0,1776.0,9.0,303120.0,Low,Low,No,Continue routine monitoring,2026-04-08T19:14:44,2026-04-08T19:14:44
Northern Molucca Sea,UNK,EQ,Green,0.0,0.0,0.0,0.0,0.0,0.0,0.0,0.0,1,0.0,20.0,1776.0,9.0,303120.0,Low,Low,No,Continue routine monitoring,2026-04-08T19:14:44,2026-04-08T19:14:44
Northern Molucca Sea,UNK,EQ,Green,0.0,0.0,0.0,0.0,0.0,0.0,0.0,0.0,1,0.0,20.0,1776.0,9.0,303120.0,Low,Low,No,Continue routine monitoring,2026-04-08T19:14:44,2026-04-08T19:14:44
Northern Molucca Sea,UNK,EQ,Green,0.0,0.0,0.0,0.0,0.0,0.0,0.0,0.0,1,0.0,20.0,1776.0,9.0,303120.0,Low,Low,No,Continue routine monitoring,2026-04-08T19:14:44,2026-04-08T19:14:44
Northern Molucca Sea,UNK,EQ,Green,0.0,0.0,0.0,0.0,0.0,0.0,0.0,0.0,1,0.0,20.0,1776.0,9.0,303120.0,Low,Low,No,Continue routine monitoring,2026-04-08T19:14:44,2026-04-08T19:14:44
Northern Molucca Sea,UNK,EQ,Green,0.0,0.0,0.0,0.0,0.0,0.0,0.0,0.0,1,0.0,20.0,1776.0,9.0,303120.0,Low,Low,No,Continue routine monitoring,2026-04-08T19:14:44,2026-04-08T19:14:44
Northern Molucca Sea,UNK,EQ,Green,0.0,0.0,0.0,0.0,0.0,0.0,0.0,0.0,1,0.0,20.0,1776.0,9.0,303120.0,Low,Low,No,Continue routine monitoring,2026-04-08T19:14:44,2026-04-08T19:14:44
Northern Molucca Sea,UNK,EQ,Green,0.0,0.0,0.0,0.0,0.0,0.0,0.0,0.0,1,0.0,20.0,1776.0,9.0,303120.0,Low,Low,No,Continue routine monitoring,2026-04-08T19:14:44,2026-04-08T19:14:44
Northern Molucca Sea,UNK,EQ,Green,0.0,0.0,0.0,0.0,0.0,0.0,0.0,0.0,1,0.0,20.0,1776.0,9.0,303120.0,Low,Low,No,Continue routine monitoring,2026-04-08T19:14:44,2026-04-08T19:14:44
Northern Molucca Sea,UNK,EQ,Green,0.0,0.0,0.0,0.0,0.0,0.0,0.0,0.0,1,0.0,20.0,1776.0,9.0,303120.0,Low,Low,No,Continue routine monitoring,2026-04-08T19:14:44,2026-04-08T19:14:44
Northern Molucca Sea,UNK,EQ,Green,0.0,0.0,0.0,0.0,0.0,0.0,0.0,0.0,1,0.0,20.0,1776.0,9.0,303120.0,Low,Low,No,Continue routine monitoring,2026-04-08T19:14:44,2026-04-08T19:14:44
Northern Molucca Sea,UNK,EQ,Green,0.0,0.0,0.0,0.0,0.0,0.0,0.0,0.0,1,0.0,20.0,1776.0,9.0,303120.0,Low,Low,No,Continue routine monitoring,2026-04-08T19:14:44,2026-04-08T19:14:44
United States,USA,EQ,Green,0.0,0.0,261.0,43.2911877394636,420374.6781609195,0.0,0.0,41.99,1,0.0,36.8,902842.0,93.0,109271040.0,Severe,Low,No,Urgent humanitarian mobilization recommended,2026-04-08T18:10:41,2026-04-08T18:10:41
Indonesia,IDN,EQ,Green,0.0,0.0,157.0,1208.9745222929937,299439.949044586,0.0,0.0,36.17,1,0.0,34.47,627675.0,2534.0,100661000.0,Severe,Low,No,Urgent humanitarian mobilization recommended,2026-04-08T16:17:46,2026-04-08T16:17:46
Western Indian-Antarctic Ridge,UNK,EQ,Green,0.0,0.0,0.0,0.0,0.0,0.0,0.0,0.0,1,0.0,20.0,1776.0,9.0,303120.0,Low,Low,No,Continue routine monitoring,2026-04-08T15:14:03,2026-04-08T15:14:03
Western Indian-Antarctic Ridge,UNK,EQ,Green,0.0,0.0,0.0,0.0,0.0,0.0,0.0,0.0,1,0.0,20.0,1776.0,9.0,303120.0,Low,Low,No,Continue routine monitoring,2026-04-08T15:14:03,2026-04-08T15:14:03
Western Indian-Antarctic Ridge,UNK,EQ,Green,0.0,0.0,0.0,0.0,0.0,0.0,0.0,0.0,1,0.0,20.0,1776.0,9.0,303120.0,Low,Low,No,Continue routine monitoring,2026-04-08T15:14:03,2026-04-08T15:14:03
Western Indian-Antarctic Ridge,UNK,EQ,Green,0.0,0.0,0.0,0.0,0.0,0.0,0.0,0.0,1,0.0,20.0,1776.0,9.0,303120.0,Low,Low,No,Continue routine monitoring,2026-04-08T15:14:03,2026-04-08T15:14:03
Western Indian-Antarctic Ridge,UNK,EQ,Green,0.0,0.0,0.0,0.0,0.0,0.0,0.0,0.0,1,0.0,20.0,1776.0,9.0,303120.0,Low,Low,No,Continue routine monitoring,2026-04-08T15:14:03,2026-04-08T15:14:03
Western Indian-Antarctic Ridge,UNK,EQ,Green,0.0,0.0,0.0,0.0,0.0,0.0,0.0,0.0,1,0.0,20.0,1776.0,9.0,303120.0,Low,Low,No,Continue routine monitoring,2026-04-08T15:14:03,2026-04-08T15:14:03
Western Indian-Antarctic Ridge,UNK,EQ,Green,0.0,0.0,0.0,0.0,0.0,0.0,0.0,0.0,1,0.0,20.0,1776.0,9.0,303120.0,Low,Low,No,Continue routine monitoring,2026-04-08T15:14:03,2026-04-08T15:14:03
Western Indian-Antarctic Ridge,UNK,EQ,Green,0.0,0.0,0.0,0.0,0.0,0.0,0.0,0.0,1,0.0,20.0,1776.0,9.0,303120.0,Low,Low,No,Continue routine monitoring,2026-04-08T15:14:03,2026-04-08T15:14:03
Western Indian-Antarctic Ridge,UNK,EQ,Green,0.0,0.0,0.0,0.0,0.0,0.0,0.0,0.0,1,0.0,20.0,1776.0,9.0,303120.0,Low,Low,No,Continue routine monitoring,2026-04-08T15:14:03,2026-04-08T15:14:03
Western Indian-Antarctic Ridge,UNK,EQ,Green,0.0,0.0,0.0,0.0,0.0,0.0,0.0,0.0,1,0.0,20.0,1776.0,9.0,303120.0,Low,Low,No,Continue routine monitoring,2026-04-08T15:14:03,2026-04-08T15:14:03
Western Indian-Antarctic Ridge,UNK,EQ,Green,0.0,0.0,0.0,0.0,0.0,0.0,0.0,0.0,1,0.0,20.0,1776.0,9.0,303120.0,Low,Low,No,Continue routine monitoring,2026-04-08T15:14:03,2026-04-08T15:14:03
Western Indian-Antarctic Ridge,UNK,EQ,Green,0.0,0.0,0.0,0.0,0.0,0.0,0.0,0.0,1,0.0,20.0,1776.0,9.0,303120.0,Low,Low,No,Continue routine monitoring,2026-04-08T15:14:03,2026-04-08T15:14:03
Western Indian-Antarctic Ridge,UNK,EQ,Green,0.0,0.0,0.0,0.0,0.0,0.0,0.0,0.0,1,0.0,20.0,1776.0,9.0,303120.0,Low,Low,No,Continue routine monitoring,2026-04-08T15:14:03,2026-04-08T15:14:03
Western Indian-Antarctic Ridge,UNK,EQ,Green,0.0,0.0,0.0,0.0,0.0,0.0,0.0,0.0,1,0.0,20.0,1776.0,9.0,303120.0,Low,Low,No,Continue routine monitoring,2026-04-08T15:14:03,2026-04-08T15:14:03
Western Indian-Antarctic Ridge,UNK,EQ,Green,0.0,0.0,0.0,0.0,0.0,0.0,0.0,0.0,1,0.0,20.0,1776.0,9.0,303120.0,Low,Low,No,Continue routine monitoring,2026-04-08T15:14:03,2026-04-08T15:14:03
Western Indian-Antarctic Ridge,UNK,EQ,Green,0.0,0.0,0.0,0.0,0.0,0.0,0.0,0.0,1,0.0,20.0,1776.0,9.0,303120.0,Low,Low,No,Continue routine monitoring,2026-04-08T15:14:03,2026-04-08T15:14:03
Western Indian-Antarctic Ridge,UNK,EQ,Green,0.0,0.0,0.0,0.0,0.0,0.0,0.0,0.0,1,0.0,20.0,1776.0,9.0,303120.0,Low,Low,No,Continue routine monitoring,2026-04-08T15:14:03,2026-04-08T15:14:03
Western Indian-Antarctic Ridge,UNK,EQ,Green,0.0,0.0,0.0,0.0,0.0,0.0,0.0,0.0,1,0.0,20.0,1776.0,9.0,303120.0,Low,Low,No,Continue routine monitoring,2026-04-08T15:14:03,2026-04-08T15:14:03
Western Indian-Antarctic Ridge,UNK,EQ,Green,0.0,0.0,0.0,0.0,0.0,0.0,0.0,0.0,1,0.0,20.0,1776.0,9.0,303120.0,Low,Low,No,Continue routine monitoring,2026-04-08T15:14:03,2026-04-08T15:14:03
Western Indian-Antarctic Ridge,UNK,EQ,Green,0.0,0.0,0.0,0.0,0.0,0.0,0.0,0.0,1,0.0,20.0,1776.0,9.0,303120.0,Low,Low,No,Continue routine monitoring,2026-04-08T15:14:03,2026-04-08T15:14:03
Western Indian-Antarctic Ridge,UNK,EQ,Green,0.0,0.0,0.0,0.0,0.0,0.0,0.0,0.0,1,0.0,20.0,1776.0,9.0,303120.0,Low,Low,No,Continue routine monitoring,2026-04-08T15:14:03,2026-04-08T15:14:03
Western Indian-Antarctic Ridge,UNK,EQ,Green,0.0,0.0,0.0,0.0,0.0,0.0,0.0,0.0,1,0.0,20.0,1776.0,9.0,303120.0,Low,Low,No,Continue routine monitoring,2026-04-08T15:14:03,2026-04-08T15:14:03
Western Indian-Antarctic Ridge,UNK,EQ,Green,0.0,0.0,0.0,0.0,0.0,0.0,0.0,0.0,1,0.0,20.0,1776.0,9.0,303120.0,Low,Low,No,Continue routine monitoring,2026-04-08T15:14:03,2026-04-08T15:14:03
Western Indian-Antarctic Ridge,UNK,EQ,Green,0.0,0.0,0.0,0.0,0.0,0.0,0.0,0.0,1,0.0,20.0,1776.0,9.0,303120.0,Low,Low,No,Continue routine monitoring,2026-04-08T15:14:03,2026-04-08T15:14:03
Western Indian-Antarctic Ridge,UNK,EQ,Green,0.0,0.0,0.0,0.0,0.0,0.0,0.0,0.0,1,0.0,20.0,1776.0,9.0,303120.0,Low,Low,No,Continue routine monitoring,2026-04-08T15:14:03,2026-04-08T15:14:03
Northern Mid-Atlantic Ridge,UNK,EQ,Green,0.0,0.0,0.0,0.0,0.0,0.0,0.0,0.0,1,0.0,20.0,1776.0,9.0,303120.0,Low,Low,No,Continue routine monitoring,2026-04-08T14:55:59,2026-04-08T14:55:59
Northern Mid-Atlantic Ridge,UNK,EQ,Green,0.0,0.0,0.0,0.0,0.0,0.0,0.0,0.0,1,0.0,20.0,1776.0,9.0,303120.0,Low,Low,No,Continue routine monitoring,2026-04-08T14:55:59,2026-04-08T14:55:59
Northern Mid-Atlantic Ridge,UNK,EQ,Green,0.0,0.0,0.0,0.0,0.0,0.0,0.0,0.0,1,0.0,20.0,1776.0,9.0,303120.0,Low,Low,No,Continue routine monitoring,2026-04-08T14:55:59,2026-04-08T14:55:59
Northern Mid-Atlantic Ridge,UNK,EQ,Green,0.0,0.0,0.0,0.0,0.0,0.0,0.0,0.0,1,0.0,20.0,1776.0,9.0,303120.0,Low,Low,No,Continue routine monitoring,2026-04-08T14:55:59,2026-04-08T14:55:59
Northern Mid-Atlantic Ridge,UNK,EQ,Green,0.0,0.0,0.0,0.0,0.0,0.0,0.0,0.0,1,0.0,20.0,1776.0,9.0,303120.0,Low,Low,No,Continue routine monitoring,2026-04-08T14:55:59,2026-04-08T14:55:59
Northern Mid-Atlantic Ridge,UNK,EQ,Green,0.0,0.0,0.0,0.0,0.0,0.0,0.0,0.0,1,0.0,20.0,1776.0,9.0,303120.0,Low,Low,No,Continue routine monitoring,2026-04-08T14:55:59,2026-04-08T14:55:59
Northern Mid-Atlantic Ridge,UNK,EQ,Green,0.0,0.0,0.0,0.0,0.0,0.0,0.0,0.0,1,0.0,20.0,1776.0,9.0,303120.0,Low,Low,No,Continue routine monitoring,2026-04-08T14:55:59,2026-04-08T14:55:59
Northern Mid-Atlantic Ridge,UNK,EQ,Green,0.0,0.0,0.0,0.0,0.0,0.0,0.0,0.0,1,0.0,20.0,1776.0,9.0,303120.0,Low,Low,No,Continue routine monitoring,2026-04-08T14:55:59,2026-04-08T14:55:59
Northern Mid-Atlantic Ridge,UNK,EQ,Green,0.0,0.0,0.0,0.0,0.0,0.0,0.0,0.0,1,0.0,20.0,1776.0,9.0,303120.0,Low,Low,No,Continue routine monitoring,2026-04-08T14:55:59,2026-04-08T14:55:59
Northern Mid-Atlantic Ridge,UNK,EQ,Green,0.0,0.0,0.0,0.0,0.0,0.0,0.0,0.0,1,0.0,20.0,1776.0,9.0,303120.0,Low,Low,No,Continue routine monitoring,2026-04-08T14:55:59,2026-04-08T14:55:59
Northern Mid-Atlantic Ridge,UNK,EQ,Green,0.0,0.0,0.0,0.0,0.0,0.0,0.0,0.0,1,0.0,20.0,1776.0,9.0,303120.0,Low,Low,No,Continue routine monitoring,2026-04-08T14:55:59,2026-04-08T14:55:59
Northern Mid-Atlantic Ridge,UNK,EQ,Green,0.0,0.0,0.0,0.0,0.0,0.0,0.0,0.0,1,0.0,20.0,1776.0,9.0,303120.0,Low,Low,No,Continue routine monitoring,2026-04-08T14:55:59,2026-04-08T14:55:59
Northern Mid-Atlantic Ridge,UNK,EQ,Green,0.0,0.0,0.0,0.0,0.0,0.0,0.0,0.0,1,0.0,20.0,1776.0,9.0,303120.0,Low,Low,No,Continue routine monitoring,2026-04-08T14:55:59,2026-04-08T14:55:59
Northern Mid-Atlantic Ridge,UNK,EQ,Green,0.0,0.0,0.0,0.0,0.0,0.0,0.0,0.0,1,0.0,20.0,1776.0,9.0,303120.0,Low,Low,No,Continue routine monitoring,2026-04-08T14:55:59,2026-04-08T14:55:59
Northern Mid-Atlantic Ridge,UNK,EQ,Green,0.0,0.0,0.0,0.0,0.0,0.0,0.0,0.0,1,0.0,20.0,1776.0,9.0,303120.0,Low,Low,No,Continue routine monitoring,2026-04-08T14:55:59,2026-04-08T14:55:59
Northern Mid-Atlantic Ridge,UNK,EQ,Green,0.0,0.0,0.0,0.0,0.0,0.0,0.0,0.0,1,0.0,20.0,1776.0,9.0,303120.0,Low,Low,No,Continue routine monitoring,2026-04-08T14:55:59,2026-04-08T14:55:59
Northern Mid-Atlantic Ridge,UNK,EQ,Green,0.0,0.0,0.0,0.0,0.0,0.0,0.0,0.0,1,0.0,20.0,1776.0,9.0,303120.0,Low,Low,No,Continue routine monitoring,2026-04-08T14:55:59,2026-04-08T14:55:59
Northern Mid-Atlantic Ridge,UNK,EQ,Green,0.0,0.0,0.0,0.0,0.0,0.0,0.0,0.0,1,0.0,20.0,1776.0,9.0,303120.0,Low,Low,No,Continue routine monitoring,2026-04-08T14:55:59,2026-04-08T14:55:59
Northern Mid-Atlantic Ridge,UNK,EQ,Green,0.0,0.0,0.0,0.0,0.0,0.0,0.0,0.0,1,0.0,20.0,1776.0,9.0,303120.0,Low,Low,No,Continue routine monitoring,2026-04-08T14:55:59,2026-04-08T14:55:59
Northern Mid-Atlantic Ridge,UNK,EQ,Green,0.0,0.0,0.0,0.0,0.0,0.0,0.0,0.0,1,0.0,20.0,1776.0,9.0,303120.0,Low,Low,No,Continue routine monitoring,2026-04-08T14:55:59,2026-04-08T14:55:59
Northern Mid-Atlantic Ridge,UNK,EQ,Green,0.0,0.0,0.0,0.0,0.0,0.0,0.0,0.0,1,0.0,20.0,1776.0,9.0,303120.0,Low,Low,No,Continue routine monitoring,2026-04-08T14:55:59,2026-04-08T14:55:59
Northern Mid-Atlantic Ridge,UNK,EQ,Green,0.0,0.0,0.0,0.0,0.0,0.0,0.0,0.0,1,0.0,20.0,1776.0,9.0,303120.0,Low,Low,No,Continue routine monitoring,2026-04-08T14:55:59,2026-04-08T14:55:59
Northern Mid-Atlantic Ridge,UNK,EQ,Green,0.0,0.0,0.0,0.0,0.0,0.0,0.0,0.0,1,0.0,20.0,1776.0,9.0,303120.0,Low,Low,No,Continue routine monitoring,2026-04-08T14:55:59,2026-04-08T14:55:59
Northern Mid-Atlantic Ridge,UNK,EQ,Green,0.0,0.0,0.0,0.0,0.0,0.0,0.0,0.0,1,0.0,20.0,1776.0,9.0,303120.0,Low,Low,No,Continue routine monitoring,2026-04-08T14:55:59,2026-04-08T14:55:59
Northern Mid-Atlantic Ridge,UNK,EQ,Green,0.0,0.0,0.0,0.0,0.0,0.0,0.0,0.0,1,0.0,20.0,1776.0,9.0,303120.0,Low,Low,No,Continue routine monitoring,2026-04-08T14:55:59,2026-04-08T14:55:59
Greece,GRC,EQ,Green,0.0,0.0,48.0,286.7083333333333,4452.75,0.0,0.0,9.97,1,0.0,23.99,8301.0,534.0,6336120.0,Severe,Low,No,Urgent humanitarian mobilization recommended,2026-04-08T11:34:57,2026-04-08T11:34:57
Azerbaijan,AZE,EQ,Green,0.0,0.0,8.0,6.25,16536.625,0.0,0.0,1.35,1,0.0,20.54,29565.0,11.0,3657800.0,Moderate,Low,No,Continue routine monitoring,2026-04-08T09:05:36,2026-04-08T09:05:36
Solomon Is.,SLB,EQ,Green,0.0,0.0,18.0,10.5,18157.444444444445,0.0,0.0,2.92,1,0.0,21.17,32717.0,19.0,4116040.0,Moderate,Low,No,Continue routine monitoring,2026-04-08T08:33:16,2026-04-08T08:33:16
"Bonin Islands, Japan Region",UNK,EQ,Green,0.0,0.0,0.0,0.0,0.0,0.0,0.0,0.0,1,0.0,20.0,1776.0,9.0,303120.0,Low,Low,No,Continue routine monitoring,2026-04-08T06:48:47,2026-04-08T06:48:47
"Bonin Islands, Japan Region",UNK,EQ,Green,0.0,0.0,0.0,0.0,0.0,0.0,0.0,0.0,1,0.0,20.0,1776.0,9.0,303120.0,Low,Low,No,Continue routine monitoring,2026-04-08T06:48:47,2026-04-08T06:48:47
"Bonin Islands, Japan Region",UNK,EQ,Green,0.0,0.0,0.0,0.0,0.0,0.0,0.0,0.0,1,0.0,20.0,1776.0,9.0,303120.0,Low,Low,No,Continue routine monitoring,2026-04-08T06:48:47,2026-04-08T06:48:47
"Bonin Islands, Japan Region",UNK,EQ,Green,0.0,0.0,0.0,0.0,0.0,0.0,0.0,0.0,1,0.0,20.0,1776.0,9.0,303120.0,Low,Low,No,Continue routine monitoring,2026-04-08T06:48:47,2026-04-08T06:48:47
"Bonin Islands, Japan Region",UNK,EQ,Green,0.0,0.0,0.0,0.0,0.0,0.0,0.0,0.0,1,0.0,20.0,1776.0,9.0,303120.0,Low,Low,No,Continue routine monitoring,2026-04-08T06:48:47,2026-04-08T06:48:47
"Bonin Islands, Japan Region",UNK,EQ,Green,0.0,0.0,0.0,0.0,0.0,0.0,0.0,0.0,1,0.0,20.0,1776.0,9.0,303120.0,Low,Low,No,Continue routine monitoring,2026-04-08T06:48:47,2026-04-08T06:48:47
"Bonin Islands, Japan Region",UNK,EQ,Green,0.0,0.0,0.0,0.0,0.0,0.0,0.0,0.0,1,0.0,20.0,1776.0,9.0,303120.0,Low,Low,No,Continue routine monitoring,2026-04-08T06:48:47,2026-04-08T06:48:47
"Bonin Islands, Japan Region",UNK,EQ,Green,0.0,0.0,0.0,0.0,0.0,0.0,0.0,0.0,1,0.0,20.0,1776.0,9.0,303120.0,Low,Low,No,Continue routine monitoring,2026-04-08T06:48:47,2026-04-08T06:48:47
"Bonin Islands, Japan Region",UNK,EQ,Green,0.0,0.0,0.0,0.0,0.0,0.0,0.0,0.0,1,0.0,20.0,1776.0,9.0,303120.0,Low,Low,No,Continue routine monitoring,2026-04-08T06:48:47,2026-04-08T06:48:47
"Bonin Islands, Japan Region",UNK,EQ,Green,0.0,0.0,0.0,0.0,0.0,0.0,0.0,0.0,1,0.0,20.0,1776.0,9.0,303120.0,Low,Low,No,Continue routine monitoring,2026-04-08T06:48:47,2026-04-08T06:48:47
"Bonin Islands, Japan Region",UNK,EQ,Green,0.0,0.0,0.0,0.0,0.0,0.0,0.0,0.0,1,0.0,20.0,1776.0,9.0,303120.0,Low,Low,No,Continue routine monitoring,2026-04-08T06:48:47,2026-04-08T06:48:47
"Bonin Islands, Japan Region",UNK,EQ,Green,0.0,0.0,0.0,0.0,0.0,0.0,0.0,0.0,1,0.0,20.0,1776.0,9.0,303120.0,Low,Low,No,Continue routine monitoring,2026-04-08T06:48:47,2026-04-08T06:48:47
"Bonin Islands, Japan Region",UNK,EQ,Green,0.0,0.0,0.0,0.0,0.0,0.0,0.0,0.0,1,0.0,20.0,1776.0,9.0,303120.0,Low,Low,No,Continue routine monitoring,2026-04-08T06:48:47,2026-04-08T06:48:47
"Bonin Islands, Japan Region",UNK,EQ,Green,0.0,0.0,0.0,0.0,0.0,0.0,0.0,0.0,1,0.0,20.0,1776.0,9.0,303120.0,Low,Low,No,Continue routine monitoring,2026-04-08T06:48:47,2026-04-08T06:48:47
"Bonin Islands, Japan Region",UNK,EQ,Green,0.0,0.0,0.0,0.0,0.0,0.0,0.0,0.0,1,0.0,20.0,1776.0,9.0,303120.0,Low,Low,No,Continue routine monitoring,2026-04-08T06:48:47,2026-04-08T06:48:47
"Bonin Islands, Japan Region",UNK,EQ,Green,0.0,0.0,0.0,0.0,0.0,0.0,0.0,0.0,1,0.0,20.0,1776.0,9.0,303120.0,Low,Low,No,Continue routine monitoring,2026-04-08T06:48:47,2026-04-08T06:48:47
"Bonin Islands, Japan Region",UNK,EQ,Green,0.0,0.0,0.0,0.0,0.0,0.0,0.0,0.0,1,0.0,20.0,1776.0,9.0,303120.0,Low,Low,No,Continue routine monitoring,2026-04-08T06:48:47,2026-04-08T06:48:47
"Bonin Islands, Japan Region",UNK,EQ,Green,0.0,0.0,0.0,0.0,0.0,0.0,0.0,0.0,1,0.0,20.0,1776.0,9.0,303120.0,Low,Low,No,Continue routine monitoring,2026-04-08T06:48:47,2026-04-08T06:48:47
"Bonin Islands, Japan Region",UNK,EQ,Green,0.0,0.0,0.0,0.0,0.0,0.0,0.0,0.0,1,0.0,20.0,1776.0,9.0,303120.0,Low,Low,No,Continue routine monitoring,2026-04-08T06:48:47,2026-04-08T06:48:47
"Bonin Islands, Japan Region",UNK,EQ,Green,0.0,0.0,0.0,0.0,0.0,0.0,0.0,0.0,1,0.0,20.0,1776.0,9.0,303120.0,Low,Low,No,Continue routine monitoring,2026-04-08T06:48:47,2026-04-08T06:48:47
"Bonin Islands, Japan Region",UNK,EQ,Green,0.0,0.0,0.0,0.0,0.0,0.0,0.0,0.0,1,0.0,20.0,1776.0,9.0,303120.0,Low,Low,No,Continue routine monitoring,2026-04-08T06:48:47,2026-04-08T06:48:47
"Bonin Islands, Japan Region",UNK,EQ,Green,0.0,0.0,0.0,0.0,0.0,0.0,0.0,0.0,1,0.0,20.0,1776.0,9.0,303120.0,Low,Low,No,Continue routine monitoring,2026-04-08T06:48:47,2026-04-08T06:48:47
"Bonin Islands, Japan Region",UNK,EQ,Green,0.0,0.0,0.0,0.0,0.0,0.0,0.0,0.0,1,0.0,20.0,1776.0,9.0,303120.0,Low,Low,No,Continue routine monitoring,2026-04-08T06:48:47,2026-04-08T06:48:47
"Bonin Islands, Japan Region",UNK,EQ,Green,0.0,0.0,0.0,0.0,0.0,0.0,0.0,0.0,1,0.0,20.0,1776.0,9.0,303120.0,Low,Low,No,Continue routine monitoring,2026-04-08T06:48:47,2026-04-08T06:48:47
"Bonin Islands, Japan Region",UNK,EQ,Green,0.0,0.0,0.0,0.0,0.0,0.0,0.0,0.0,1,0.0,20.0,1776.0,9.0,303120.0,Low,Low,No,Continue routine monitoring,2026-04-08T06:48:47,2026-04-08T06:48:47
Brazil,BRA,FL,Green,0.0,0.0,79.0,52.037974683544306,715913.9367088608,0.0,0.0,15.31,1,0.0,26.12,1368443.0,99.0,165203160.0,Severe,Low,No,Urgent humanitarian mobilization recommended,2026-02-03T01:00:00,2026-04-08T01:00:00
New Caledonia,NCL,EQ,Green,0.0,0.0,2.0,1.0,550.0,0.0,0.0,0.32,1,0.0,20.13,978.0,2.0,137360.0,Low,Low,No,Continue routine monitoring,2026-04-08T00:11:27,2026-04-08T00:11:27
Laos,LAO,WF,Green,0.0,0.0,27.0,11.925925925925926,166739.2962962963,0.0,0.0,4.88,1,0.0,21.95,303327.0,22.0,36619240.0,Severe,Low,No,Urgent humanitarian mobilization recommended,2026-03-25T00:00:00,2026-04-08T00:00:00
Thailand,THA,WF,Green,0.0,0.0,79.0,146.1139240506329,1110046.6962025317,0.0,0.0,17.66,1,0.0,27.07,2144962.0,282.0,260215440.0,Severe,Low,No,Urgent humanitarian mobilization recommended,2026-03-26T00:00:00,2026-04-08T00:00:00
Thailand,THA,WF,Green,0.0,0.0,79.0,146.1139240506329,1110046.6962025317,0.0,0.0,17.66,1,0.0,27.07,2144962.0,282.0,260215440.0,Severe,Low,No,Urgent humanitarian mobilization recommended,2026-04-01T00:00:00,2026-04-08T00:00:00
Australia,AUS,WF,Green,0.0,0.0,89.0,10.325842696629213,8902.191011235955,0.0,0.0,13.77,1,0.0,25.51,16895.0,20.0,2227400.0,Moderate,Low,No,Continue routine monitoring,2026-04-06T00:00:00,2026-04-08T00:00:00
Thailand,THA,WF,Green,0.0,0.0,79.0,146.1139240506329,1110046.6962025317,0.0,0.0,17.66,1,0.0,27.07,2144962.0,282.0,260215440.0,Severe,Low,No,Urgent humanitarian mobilization recommended,2026-03-30T00:00:00,2026-04-08T00:00:00
Thailand,THA,WF,Green,0.0,0.0,79.0,146.1139240506329,1110046.6962025317,0.0,0.0,17.66,1,0.0,27.07,2144962.0,282.0,260215440.0,Severe,Low,No,Urgent humanitarian mobilization recommended,2026-03-30T00:00:00,2026-04-08T00:00:00
"Thailand, Laos",THA,WF,Green,0.0,0.0,79.0,146.1139240506329,1110046.6962025317,0.0,0.0,17.66,1,0.0,27.07,2144962.0,282.0,260215440.0,Severe,Low,No,Urgent humanitarian mobilization recommended,2026-03-27T00:00:00,2026-04-08T00:00:00
Myanmar,MMR,WF,Green,0.0,0.0,49.0,2954.1632653061224,213147.20408163266,0.0,0.0,35.13,1,0.0,34.05,444819.0,6165.0,115028280.0,Severe,Low,No,Urgent humanitarian mobilization recommended,2026-03-26T00:00:00,2026-04-08T00:00:00
India,IND,WF,Green,0.0,0.0,181.0,501.3425414364641,6335088.651933702,0.0,0.0,56.43,1,0.0,42.57,14415546.0,1141.0,1741275520.0,Severe,Medium,No,Urgent humanitarian mobilization recommended,2026-04-02T00:00:00,2026-04-08T00:00:00
Laos,LAO,WF,Green,0.0,0.0,27.0,11.925925925925926,166739.2962962963,0.0,0.0,4.88,1,0.0,21.95,303327.0,22.0,36619240.0,Severe,Low,No,Urgent humanitarian mobilization recommended,2026-03-25T00:00:00,2026-04-08T00:00:00
Thailand,THA,WF,Green,0.0,0.0,79.0,146.1139240506329,1110046.6962025317,0.0,0.0,17.66,1,0.0,27.07,2144962.0,282.0,260215440.0,Severe,Low,No,Urgent humanitarian mobilization recommended,2026-03-29T00:00:00,2026-04-08T00:00:00
Laos,LAO,WF,Green,0.0,0.0,27.0,11.925925925925926,166739.2962962963,0.0,0.0,4.88,1,0.0,21.95,303327.0,22.0,36619240.0,Severe,Low,No,Urgent humanitarian mobilization recommended,2026-03-29T00:00:00,2026-04-08T00:00:00
"Thailand, Myanmar",THA,WF,Green,0.0,0.0,79.0,146.1139240506329,1110046.6962025317,0.0,0.0,17.66,1,0.0,27.07,2144962.0,282.0,260215440.0,Severe,Low,No,Urgent humanitarian mobilization recommended,2026-03-27T00:00:00,2026-04-08T00:00:00
"Thailand, Myanmar",THA,WF,Green,0.0,0.0,79.0,146.1139240506329,1110046.6962025317,0.0,0.0,17.66,1,0.0,27.07,2144962.0,282.0,260215440.0,Severe,Low,No,Urgent humanitarian mobilization recommended,2026-03-28T00:00:00,2026-04-08T00:00:00
Thailand,THA,WF,Green,0.0,0.0,79.0,146.1139240506329,1110046.6962025317,0.0,0.0,17.66,1,0.0,27.07,2144962.0,282.0,260215440.0,Severe,Low,No,Urgent humanitarian mobilization recommended,2026-03-28T00:00:00,2026-04-08T00:00:00
Australia,AUS,WF,Green,0.0,0.0,89.0,10.325842696629213,8902.191011235955,0.0,0.0,13.77,1,0.0,25.51,16895.0,20.0,2227400.0,Moderate,Low,No,Continue routine monitoring,2026-03-30T00:00:00,2026-04-08T00:00:00
Australia,AUS,WF,Green,0.0,0.0,89.0,10.325842696629213,8902.191011235955,0.0,0.0,13.77,1,0.0,25.51,16895.0,20.0,2227400.0,Moderate,Low,No,Continue routine monitoring,2026-04-01T00:00:00,2026-04-08T00:00:00
Australia,AUS,WF,Green,0.0,0.0,89.0,10.325842696629213,8902.191011235955,0.0,0.0,13.77,1,0.0,25.51,16895.0,20.0,2227400.0,Moderate,Low,No,Continue routine monitoring,2026-04-04T00:00:00,2026-04-08T00:00:00
Australia,AUS,WF,Green,0.0,0.0,89.0,10.325842696629213,8902.191011235955,0.0,0.0,13.77,1,0.0,25.51,16895.0,20.0,2227400.0,Moderate,Low,No,Continue routine monitoring,2026-04-05T00:00:00,2026-04-08T00:00:00
Thailand,THA,WF,Green,0.0,0.0,79.0,146.1139240506329,1110046.6962025317,0.0,0.0,17.66,1,0.0,27.07,2144962.0,282.0,260215440.0,Severe,Low,No,Urgent humanitarian mobilization recommended,2026-04-01T00:00:00,2026-04-08T00:00:00
Thailand,THA,WF,Green,0.0,0.0,79.0,146.1139240506329,1110046.6962025317,0.0,0.0,17.66,1,0.0,27.07,2144962.0,282.0,260215440.0,Severe,Low,No,Urgent humanitarian mobilization recommended,2026-03-26T00:00:00,2026-04-08T00:00:00
Myanmar,MMR,WF,Green,0.0,0.0,49.0,2954.1632653061224,213147.20408163266,0.0,0.0,35.13,1,0.0,34.05,444819.0,6165.0,115028280.0,Severe,Low,No,Urgent humanitarian mobilization recommended,2026-04-04T00:00:00,2026-04-08T00:00:00
Australia,AUS,WF,Green,0.0,0.0,89.0,10.325842696629213,8902.191011235955,0.0,0.0,13.77,1,0.0,25.51,16895.0,20.0,2227400.0,Moderate,Low,No,Continue routine monitoring,2026-03-30T00:00:00,2026-04-08T00:00:00
Myanmar,MMR,WF,Green,0.0,0.0,49.0,2954.1632653061224,213147.20408163266,0.0,0.0,35.13,1,0.0,34.05,444819.0,6165.0,115028280.0,Severe,Low,No,Urgent humanitarian mobilization recommended,2026-04-03T00:00:00,2026-04-08T00:00:00
Thailand,THA,WF,Green,0.0,0.0,79.0,146.1139240506329,1110046.6962025317,0.0,0.0,17.66,1,0.0,27.07,2144962.0,282.0,260215440.0,Severe,Low,No,Urgent humanitarian mobilization recommended,2026-03-27T00:00:00,2026-04-08T00:00:00
Thailand,THA,WF,Green,0.0,0.0,79.0,146.1139240506329,1110046.6962025317,0.0,0.0,17.66,1,0.0,27.07,2144962.0,282.0,260215440.0,Severe,Low,No,Urgent humanitarian mobilization recommended,2026-03-26T00:00:00,2026-04-08T00:00:00
Thailand,THA,WF,Green,0.0,0.0,79.0,146.1139240506329,1110046.6962025317,0.0,0.0,17.66,1,0.0,27.07,2144962.0,282.0,260215440.0,Severe,Low,No,Urgent humanitarian mobilization recommended,2026-03-27T00:00:00,2026-04-08T00:00:00
Thailand,THA,WF,Green,0.0,0.0,79.0,146.1139240506329,1110046.6962025317,0.0,0.0,17.66,1,0.0,27.07,2144962.0,282.0,260215440.0,Severe,Low,No,Urgent humanitarian mobilization recommended,2026-03-27T00:00:00,2026-04-08T00:00:00
Laos,LAO,WF,Green,0.0,0.0,27.0,11.925925925925926,166739.2962962963,0.0,0.0,4.88,1,0.0,21.95,303327.0,22.0,36619240.0,Severe,Low,No,Urgent humanitarian mobilization recommended,2026-03-24T00:00:00,2026-04-08T00:00:00
Myanmar,MMR,WF,Green,0.0,0.0,49.0,2954.1632653061224,213147.20408163266,0.0,0.0,35.13,1,0.0,34.05,444819.0,6165.0,115028280.0,Severe,Low,No,Urgent humanitarian mobilization recommended,2026-03-29T00:00:00,2026-04-08T00:00:00
Thailand,THA,WF,Green,0.0,0.0,79.0,146.1139240506329,1110046.6962025317,0.0,0.0,17.66,1,0.0,27.07,2144962.0,282.0,260215440.0,Severe,Low,No,Urgent humanitarian mobilization recommended,2026-03-26T00:00:00,2026-04-08T00:00:00
